30;[30, 121];[30, 429];[30, 952];*
31;[30, 121];[30, 429];[30, 952];*
32;[30, 121];[30, 429];[30, 952];*
33;[30, 121];[30, 429];[30, 952];*
34;[30, 121];[30, 429];[30, 952];*
35;[30, 121];[30, 429];[30, 952];*
36;[30, 121];[30, 429];[30, 952];*
37;[30, 121];[30, 429];[30, 952];*
38;[30, 121];[30, 429];[30, 952];*
39;[30, 121];[30, 429];[30, 952];*
40;[30, 121];[30, 429];[30, 952];*
41;[30, 121];[30, 429];[30, 952];*
42;[30, 121];[30, 429];[30, 952];*
43;[30, 121];[30, 429];[30, 952];*
44;[30, 121];[30, 429];[30, 952];*
45;[30, 121];[30, 429];[30, 952];*
46;[30, 121];[30, 429];[30, 952];*
47;[30, 121];[30, 429];[30, 952];*
48;[30, 121];[30, 429];[30, 952];*
49;[30, 121];[30, 429];[30, 952];*
51;[30, 121];[30, 429];[30, 952];*
52;[30, 121];[30, 429];[30, 952];*
53;[30, 121];[30, 429];[30, 952];*
54;[30, 121];[30, 429];[30, 952];*
55;[30, 121];[30, 429];[30, 952];*
56;[30, 121];[30, 429];[30, 952];*
57;[30, 121];[30, 429];[30, 952];*
58;[30, 121];[30, 429];[30, 952];*
59;[30, 121];[30, 429];[30, 952];*
60;[30, 121];[30, 429];[30, 952];*
61;[30, 121];[30, 429];[30, 952];*
62;[30, 121];[30, 429];[30, 952];*
63;[30, 121];[30, 429];[30, 952];*
64;[30, 121];[30, 429];[30, 952];*
65;[30, 121];[30, 429];[30, 952];*
66;[30, 121];[30, 429];[30, 952];*
67;[30, 121];[30, 429];[30, 952];*
68;[30, 121];[30, 429];[30, 952];*
69;[30, 121];[30, 429];[30, 952];*
70;[30, 121];[30, 429];[30, 952];*
71;[30, 121];[30, 429];[30, 952];*
72;[30, 121];[30, 429];[30, 952];*
73;[30, 121];[30, 429];[30, 952];*
74;[30, 121];[30, 429];[30, 952];*
75;[30, 121];[30, 429];[30, 952];*
76;[30, 121];[30, 429];[30, 952];*
77;[30, 121];[30, 429];[30, 952];*
78;[30, 121];[30, 429];[30, 952];*
79;[30, 121];[30, 429];[30, 952];*
80;[30, 121];[30, 429];[30, 952];*
81;[30, 121];[30, 429];[30, 952];*
82;[30, 121];[30, 429];[30, 952];*
83;[30, 121];[30, 429];[30, 952];*
84;[30, 121];[30, 429];[30, 952];*
85;[30, 121];[30, 429];[30, 952];*
86;[30, 121];[30, 429];[30, 952];*
87;[30, 121];[30, 429];[30, 952];*
88;[30, 121];[30, 429];[30, 952];*
89;[30, 121];[30, 429];[30, 952];*
90;[30, 121];[30, 429];[30, 952];*
91;[30, 121];[30, 429];[30, 952];*
92;[30, 121];[30, 429];[30, 952];*
93;[30, 121];[30, 429];[30, 952];*
94;[30, 121];[30, 429];[30, 952];*
95;[30, 121];[30, 429];[30, 952];*
96;[30, 121];[30, 429];[30, 952];*
97;[30, 121];[30, 429];[30, 952];*
98;[30, 121];[30, 429];[30, 952];*
99;[30, 121];[30, 429];[30, 952];*
100;[30, 121];[30, 429];[30, 952];*
101;[30, 121];[30, 429];[30, 952];*
102;[30, 121];[30, 429];[30, 952];*
103;[30, 121];[30, 429];[30, 952];*
104;[30, 121];[30, 429];[30, 952];*
105;[30, 121];[30, 429];[30, 952];*
106;[30, 121];[30, 429];[30, 952];*
107;[30, 121];[30, 429];[30, 952];*
108;[30, 121];[30, 429];[30, 952];*
109;[30, 121];[30, 429];[30, 952];*
110;[30, 121];[30, 429];[30, 952];*
111;[30, 121];[30, 429];[30, 952];*
112;[30, 121];[30, 429];[30, 952];*
113;[30, 121];[30, 429];[30, 952];*
114;[30, 121];[30, 429];[30, 952];*
115;[30, 121];[30, 429];[30, 952];*
116;[30, 121];[30, 429];[30, 952];*
117;[30, 121];[30, 429];[30, 952];*
118;[30, 121];[30, 429];[30, 952];*
119;[30, 121];[30, 429];[30, 952];*
120;[30, 121];[30, 429];[30, 952];*
121;[30, 121];[30, 429];[30, 952];*
122;[122, 215];[30, 429];[30, 952];*
123;[122, 215];[30, 429];[30, 952];*
124;[122, 215];[30, 429];[30, 952];*
125;[122, 215];[30, 429];[30, 952];*
126;[122, 215];[30, 429];[30, 952];*
127;[122, 215];[30, 429];[30, 952];*
128;[122, 215];[30, 429];[30, 952];*
129;[122, 215];[30, 429];[30, 952];*
130;[122, 215];[30, 429];[30, 952];*
131;[122, 215];[30, 429];[30, 952];*
132;[122, 215];[30, 429];[30, 952];*
133;[122, 215];[30, 429];[30, 952];*
134;[122, 215];[30, 429];[30, 952];*
135;[122, 215];[30, 429];[30, 952];*
136;[122, 215];[30, 429];[30, 952];*
137;[122, 215];[30, 429];[30, 952];*
138;[122, 215];[30, 429];[30, 952];*
139;[122, 215];[30, 429];[30, 952];*
140;[122, 215];[30, 429];[30, 952];*
141;[122, 215];[30, 429];[30, 952];*
142;[122, 215];[30, 429];[30, 952];*
143;[122, 215];[30, 429];[30, 952];*
144;[122, 215];[30, 429];[30, 952];*
145;[122, 215];[30, 429];[30, 952];*
146;[122, 215];[30, 429];[30, 952];*
147;[122, 215];[30, 429];[30, 952];*
148;[122, 215];[30, 429];[30, 952];*
149;[122, 215];[30, 429];[30, 952];*
150;[122, 215];[30, 429];[30, 952];*
151;[122, 215];[30, 429];[30, 952];*
152;[122, 215];[30, 429];[30, 952];*
154;[122, 215];[30, 429];[30, 952];*
155;[122, 215];[30, 429];[30, 952];*
156;[122, 215];[30, 429];[30, 952];*
157;[122, 215];[30, 429];[30, 952];*
158;[122, 215];[30, 429];[30, 952];*
159;[122, 215];[30, 429];[30, 952];*
160;[122, 215];[30, 429];[30, 952];*
161;[122, 215];[30, 429];[30, 952];*
162;[122, 215];[30, 429];[30, 952];*
163;[122, 215];[30, 429];[30, 952];*
164;[122, 215];[30, 429];[30, 952];*
165;[122, 215];[30, 429];[30, 952];*
166;[122, 215];[30, 429];[30, 952];*
167;[122, 215];[30, 429];[30, 952];*
168;[122, 215];[30, 429];[30, 952];*
169;[122, 215];[30, 429];[30, 952];*
170;[122, 215];[30, 429];[30, 952];*
171;[122, 215];[30, 429];[30, 952];*
172;[122, 215];[30, 429];[30, 952];*
173;[122, 215];[30, 429];[30, 952];*
174;[122, 215];[30, 429];[30, 952];*
175;[122, 215];[30, 429];[30, 952];*
176;[122, 215];[30, 429];[30, 952];*
177;[122, 215];[30, 429];[30, 952];*
178;[122, 215];[30, 429];[30, 952];*
179;[122, 215];[30, 429];[30, 952];*
181;[122, 215];[30, 429];[30, 952];*
182;[122, 215];[30, 429];[30, 952];*
183;[122, 215];[30, 429];[30, 952];*
184;[122, 215];[30, 429];[30, 952];*
185;[122, 215];[30, 429];[30, 952];*
186;[122, 215];[30, 429];[30, 952];*
187;[122, 215];[30, 429];[30, 952];*
188;[122, 215];[30, 429];[30, 952];*
189;[122, 215];[30, 429];[30, 952];*
190;[122, 215];[30, 429];[30, 952];*
191;[122, 215];[30, 429];[30, 952];*
192;[122, 215];[30, 429];[30, 952];*
193;[122, 215];[30, 429];[30, 952];*
194;[122, 215];[30, 429];[30, 952];*
195;[122, 215];[30, 429];[30, 952];*
196;[122, 215];[30, 429];[30, 952];*
197;[122, 215];[30, 429];[30, 952];*
198;[122, 215];[30, 429];[30, 952];*
199;[122, 215];[30, 429];[30, 952];*
200;[122, 215];[30, 429];[30, 952];*
201;[122, 215];[30, 429];[30, 952];*
202;[122, 215];[30, 429];[30, 952];*
203;[122, 215];[30, 429];[30, 952];*
204;[122, 215];[30, 429];[30, 952];*
205;[122, 215];[30, 429];[30, 952];*
206;[122, 215];[30, 429];[30, 952];*
207;[122, 215];[30, 429];[30, 952];*
208;[122, 215];[30, 429];[30, 952];*
209;[122, 215];[30, 429];[30, 952];*
211;[122, 215];[30, 429];[30, 952];*
212;[122, 215];[30, 429];[30, 952];*
213;[122, 215];[30, 429];[30, 952];*
214;[122, 215];[30, 429];[30, 952];*
215;[122, 215];[30, 429];[30, 952];*
216;[216, 315];[30, 429];[30, 952];*
217;[216, 315];[30, 429];[30, 952];*
218;[216, 315];[30, 429];[30, 952];*
219;[216, 315];[30, 429];[30, 952];*
220;[216, 315];[30, 429];[30, 952];*
221;[216, 315];[30, 429];[30, 952];*
222;[216, 315];[30, 429];[30, 952];*
223;[216, 315];[30, 429];[30, 952];*
224;[216, 315];[30, 429];[30, 952];*
225;[216, 315];[30, 429];[30, 952];*
226;[216, 315];[30, 429];[30, 952];*
227;[216, 315];[30, 429];[30, 952];*
228;[216, 315];[30, 429];[30, 952];*
229;[216, 315];[30, 429];[30, 952];*
230;[216, 315];[30, 429];[30, 952];*
231;[216, 315];[30, 429];[30, 952];*
232;[216, 315];[30, 429];[30, 952];*
233;[216, 315];[30, 429];[30, 952];*
234;[216, 315];[30, 429];[30, 952];*
235;[216, 315];[30, 429];[30, 952];*
236;[216, 315];[30, 429];[30, 952];*
237;[216, 315];[30, 429];[30, 952];*
238;[216, 315];[30, 429];[30, 952];*
239;[216, 315];[30, 429];[30, 952];*
240;[216, 315];[30, 429];[30, 952];*
241;[216, 315];[30, 429];[30, 952];*
242;[216, 315];[30, 429];[30, 952];*
243;[216, 315];[30, 429];[30, 952];*
244;[216, 315];[30, 429];[30, 952];*
245;[216, 315];[30, 429];[30, 952];*
246;[216, 315];[30, 429];[30, 952];*
247;[216, 315];[30, 429];[30, 952];*
248;[216, 315];[30, 429];[30, 952];*
249;[216, 315];[30, 429];[30, 952];*
250;[216, 315];[30, 429];[30, 952];*
251;[216, 315];[30, 429];[30, 952];*
252;[216, 315];[30, 429];[30, 952];*
253;[216, 315];[30, 429];[30, 952];*
254;[216, 315];[30, 429];[30, 952];*
255;[216, 315];[30, 429];[30, 952];*
256;[216, 315];[30, 429];[30, 952];*
257;[216, 315];[30, 429];[30, 952];*
258;[216, 315];[30, 429];[30, 952];*
260;[216, 315];[30, 429];[30, 952];*
261;[216, 315];[30, 429];[30, 952];*
262;[216, 315];[30, 429];[30, 952];*
263;[216, 315];[30, 429];[30, 952];*
264;[216, 315];[30, 429];[30, 952];*
265;[216, 315];[30, 429];[30, 952];*
266;[216, 315];[30, 429];[30, 952];*
267;[216, 315];[30, 429];[30, 952];*
268;[216, 315];[30, 429];[30, 952];*
269;[216, 315];[30, 429];[30, 952];*
271;[216, 315];[30, 429];[30, 952];*
272;[216, 315];[30, 429];[30, 952];*
273;[216, 315];[30, 429];[30, 952];*
274;[216, 315];[30, 429];[30, 952];*
275;[216, 315];[30, 429];[30, 952];*
276;[216, 315];[30, 429];[30, 952];*
277;[216, 315];[30, 429];[30, 952];*
279;[216, 315];[30, 429];[30, 952];*
280;[216, 315];[30, 429];[30, 952];*
281;[216, 315];[30, 429];[30, 952];*
282;[216, 315];[30, 429];[30, 952];*
284;[216, 315];[30, 429];[30, 952];*
285;[216, 315];[30, 429];[30, 952];*
287;[216, 315];[30, 429];[30, 952];*
288;[216, 315];[30, 429];[30, 952];*
289;[216, 315];[30, 429];[30, 952];*
290;[216, 315];[30, 429];[30, 952];*
291;[216, 315];[30, 429];[30, 952];*
292;[216, 315];[30, 429];[30, 952];*
293;[216, 315];[30, 429];[30, 952];*
294;[216, 315];[30, 429];[30, 952];*
295;[216, 315];[30, 429];[30, 952];*
296;[216, 315];[30, 429];[30, 952];*
297;[216, 315];[30, 429];[30, 952];*
301;[216, 315];[30, 429];[30, 952];*
302;[216, 315];[30, 429];[30, 952];*
303;[216, 315];[30, 429];[30, 952];*
304;[216, 315];[30, 429];[30, 952];*
305;[216, 315];[30, 429];[30, 952];*
306;[216, 315];[30, 429];[30, 952];*
307;[216, 315];[30, 429];[30, 952];*
308;[216, 315];[30, 429];[30, 952];*
310;[216, 315];[30, 429];[30, 952];*
311;[216, 315];[30, 429];[30, 952];*
312;[216, 315];[30, 429];[30, 952];*
313;[216, 315];[30, 429];[30, 952];*
314;[216, 315];[30, 429];[30, 952];*
315;[216, 315];[30, 429];[30, 952];*
316;[316, 429];[30, 429];[30, 952];*
317;[316, 429];[30, 429];[30, 952];*
318;[316, 429];[30, 429];[30, 952];*
319;[316, 429];[30, 429];[30, 952];*
320;[316, 429];[30, 429];[30, 952];*
321;[316, 429];[30, 429];[30, 952];*
322;[316, 429];[30, 429];[30, 952];*
324;[316, 429];[30, 429];[30, 952];*
325;[316, 429];[30, 429];[30, 952];*
326;[316, 429];[30, 429];[30, 952];*
327;[316, 429];[30, 429];[30, 952];*
328;[316, 429];[30, 429];[30, 952];*
329;[316, 429];[30, 429];[30, 952];*
330;[316, 429];[30, 429];[30, 952];*
331;[316, 429];[30, 429];[30, 952];*
332;[316, 429];[30, 429];[30, 952];*
333;[316, 429];[30, 429];[30, 952];*
334;[316, 429];[30, 429];[30, 952];*
335;[316, 429];[30, 429];[30, 952];*
336;[316, 429];[30, 429];[30, 952];*
337;[316, 429];[30, 429];[30, 952];*
339;[316, 429];[30, 429];[30, 952];*
340;[316, 429];[30, 429];[30, 952];*
341;[316, 429];[30, 429];[30, 952];*
343;[316, 429];[30, 429];[30, 952];*
344;[316, 429];[30, 429];[30, 952];*
345;[316, 429];[30, 429];[30, 952];*
347;[316, 429];[30, 429];[30, 952];*
348;[316, 429];[30, 429];[30, 952];*
350;[316, 429];[30, 429];[30, 952];*
351;[316, 429];[30, 429];[30, 952];*
352;[316, 429];[30, 429];[30, 952];*
353;[316, 429];[30, 429];[30, 952];*
354;[316, 429];[30, 429];[30, 952];*
355;[316, 429];[30, 429];[30, 952];*
358;[316, 429];[30, 429];[30, 952];*
359;[316, 429];[30, 429];[30, 952];*
361;[316, 429];[30, 429];[30, 952];*
363;[316, 429];[30, 429];[30, 952];*
364;[316, 429];[30, 429];[30, 952];*
366;[316, 429];[30, 429];[30, 952];*
367;[316, 429];[30, 429];[30, 952];*
368;[316, 429];[30, 429];[30, 952];*
369;[316, 429];[30, 429];[30, 952];*
370;[316, 429];[30, 429];[30, 952];*
371;[316, 429];[30, 429];[30, 952];*
372;[316, 429];[30, 429];[30, 952];*
373;[316, 429];[30, 429];[30, 952];*
374;[316, 429];[30, 429];[30, 952];*
375;[316, 429];[30, 429];[30, 952];*
376;[316, 429];[30, 429];[30, 952];*
377;[316, 429];[30, 429];[30, 952];*
378;[316, 429];[30, 429];[30, 952];*
379;[316, 429];[30, 429];[30, 952];*
380;[316, 429];[30, 429];[30, 952];*
381;[316, 429];[30, 429];[30, 952];*
382;[316, 429];[30, 429];[30, 952];*
383;[316, 429];[30, 429];[30, 952];*
384;[316, 429];[30, 429];[30, 952];*
385;[316, 429];[30, 429];[30, 952];*
386;[316, 429];[30, 429];[30, 952];*
387;[316, 429];[30, 429];[30, 952];*
390;[316, 429];[30, 429];[30, 952];*
392;[316, 429];[30, 429];[30, 952];*
393;[316, 429];[30, 429];[30, 952];*
395;[316, 429];[30, 429];[30, 952];*
397;[316, 429];[30, 429];[30, 952];*
398;[316, 429];[30, 429];[30, 952];*
399;[316, 429];[30, 429];[30, 952];*
400;[316, 429];[30, 429];[30, 952];*
401;[316, 429];[30, 429];[30, 952];*
402;[316, 429];[30, 429];[30, 952];*
403;[316, 429];[30, 429];[30, 952];*
404;[316, 429];[30, 429];[30, 952];*
406;[316, 429];[30, 429];[30, 952];*
407;[316, 429];[30, 429];[30, 952];*
410;[316, 429];[30, 429];[30, 952];*
411;[316, 429];[30, 429];[30, 952];*
412;[316, 429];[30, 429];[30, 952];*
413;[316, 429];[30, 429];[30, 952];*
414;[316, 429];[30, 429];[30, 952];*
415;[316, 429];[30, 429];[30, 952];*
416;[316, 429];[30, 429];[30, 952];*
418;[316, 429];[30, 429];[30, 952];*
419;[316, 429];[30, 429];[30, 952];*
420;[316, 429];[30, 429];[30, 952];*
423;[316, 429];[30, 429];[30, 952];*
424;[316, 429];[30, 429];[30, 952];*
427;[316, 429];[30, 429];[30, 952];*
428;[316, 429];[30, 429];[30, 952];*
429;[316, 429];[30, 429];[30, 952];*
430;[430, 737];[430, 27648];[30, 952];*
431;[430, 737];[430, 27648];[30, 952];*
433;[430, 737];[430, 27648];[30, 952];*
434;[430, 737];[430, 27648];[30, 952];*
436;[430, 737];[430, 27648];[30, 952];*
438;[430, 737];[430, 27648];[30, 952];*
439;[430, 737];[430, 27648];[30, 952];*
441;[430, 737];[430, 27648];[30, 952];*
442;[430, 737];[430, 27648];[30, 952];*
446;[430, 737];[430, 27648];[30, 952];*
450;[430, 737];[430, 27648];[30, 952];*
451;[430, 737];[430, 27648];[30, 952];*
452;[430, 737];[430, 27648];[30, 952];*
453;[430, 737];[430, 27648];[30, 952];*
454;[430, 737];[430, 27648];[30, 952];*
455;[430, 737];[430, 27648];[30, 952];*
456;[430, 737];[430, 27648];[30, 952];*
457;[430, 737];[430, 27648];[30, 952];*
458;[430, 737];[430, 27648];[30, 952];*
459;[430, 737];[430, 27648];[30, 952];*
461;[430, 737];[430, 27648];[30, 952];*
463;[430, 737];[430, 27648];[30, 952];*
464;[430, 737];[430, 27648];[30, 952];*
467;[430, 737];[430, 27648];[30, 952];*
471;[430, 737];[430, 27648];[30, 952];*
472;[430, 737];[430, 27648];[30, 952];*
474;[430, 737];[430, 27648];[30, 952];*
475;[430, 737];[430, 27648];[30, 952];*
479;[430, 737];[430, 27648];[30, 952];*
480;[430, 737];[430, 27648];[30, 952];*
481;[430, 737];[430, 27648];[30, 952];*
482;[430, 737];[430, 27648];[30, 952];*
483;[430, 737];[430, 27648];[30, 952];*
484;[430, 737];[430, 27648];[30, 952];*
486;[430, 737];[430, 27648];[30, 952];*
487;[430, 737];[430, 27648];[30, 952];*
488;[430, 737];[430, 27648];[30, 952];*
491;[430, 737];[430, 27648];[30, 952];*
492;[430, 737];[430, 27648];[30, 952];*
493;[430, 737];[430, 27648];[30, 952];*
494;[430, 737];[430, 27648];[30, 952];*
495;[430, 737];[430, 27648];[30, 952];*
496;[430, 737];[430, 27648];[30, 952];*
497;[430, 737];[430, 27648];[30, 952];*
503;[430, 737];[430, 27648];[30, 952];*
504;[430, 737];[430, 27648];[30, 952];*
505;[430, 737];[430, 27648];[30, 952];*
507;[430, 737];[430, 27648];[30, 952];*
525;[430, 737];[430, 27648];[30, 952];*
526;[430, 737];[430, 27648];[30, 952];*
528;[430, 737];[430, 27648];[30, 952];*
531;[430, 737];[430, 27648];[30, 952];*
532;[430, 737];[430, 27648];[30, 952];*
540;[430, 737];[430, 27648];[30, 952];*
541;[430, 737];[430, 27648];[30, 952];*
542;[430, 737];[430, 27648];[30, 952];*
543;[430, 737];[430, 27648];[30, 952];*
548;[430, 737];[430, 27648];[30, 952];*
555;[430, 737];[430, 27648];[30, 952];*
558;[430, 737];[430, 27648];[30, 952];*
575;[430, 737];[430, 27648];[30, 952];*
582;[430, 737];[430, 27648];[30, 952];*
587;[430, 737];[430, 27648];[30, 952];*
589;[430, 737];[430, 27648];[30, 952];*
601;[430, 737];[430, 27648];[30, 952];*
604;[430, 737];[430, 27648];[30, 952];*
609;[430, 737];[430, 27648];[30, 952];*
612;[430, 737];[430, 27648];[30, 952];*
613;[430, 737];[430, 27648];[30, 952];*
614;[430, 737];[430, 27648];[30, 952];*
620;[430, 737];[430, 27648];[30, 952];*
626;[430, 737];[430, 27648];[30, 952];*
640;[430, 737];[430, 27648];[30, 952];*
651;[430, 737];[430, 27648];[30, 952];*
653;[430, 737];[430, 27648];[30, 952];*
658;[430, 737];[430, 27648];[30, 952];*
663;[430, 737];[430, 27648];[30, 952];*
681;[430, 737];[430, 27648];[30, 952];*
687;[430, 737];[430, 27648];[30, 952];*
690;[430, 737];[430, 27648];[30, 952];*
707;[430, 737];[430, 27648];[30, 952];*
711;[430, 737];[430, 27648];[30, 952];*
712;[430, 737];[430, 27648];[30, 952];*
713;[430, 737];[430, 27648];[30, 952];*
714;[430, 737];[430, 27648];[30, 952];*
715;[430, 737];[430, 27648];[30, 952];*
719;[430, 737];[430, 27648];[30, 952];*
721;[430, 737];[430, 27648];[30, 952];*
723;[430, 737];[430, 27648];[30, 952];*
733;[430, 737];[430, 27648];[30, 952];*
737;[430, 737];[430, 27648];[30, 952];*
743;[743, 1566];[430, 27648];[30, 952];*
745;[743, 1566];[430, 27648];[30, 952];*
749;[743, 1566];[430, 27648];[30, 952];*
755;[743, 1566];[430, 27648];[30, 952];*
757;[743, 1566];[430, 27648];[30, 952];*
758;[743, 1566];[430, 27648];[30, 952];*
766;[743, 1566];[430, 27648];[30, 952];*
769;[743, 1566];[430, 27648];[30, 952];*
774;[743, 1566];[430, 27648];[30, 952];*
777;[743, 1566];[430, 27648];[30, 952];*
779;[743, 1566];[430, 27648];[30, 952];*
792;[743, 1566];[430, 27648];[30, 952];*
795;[743, 1566];[430, 27648];[30, 952];*
796;[743, 1566];[430, 27648];[30, 952];*
797;[743, 1566];[430, 27648];[30, 952];*
805;[743, 1566];[430, 27648];[30, 952];*
809;[743, 1566];[430, 27648];[30, 952];*
813;[743, 1566];[430, 27648];[30, 952];*
821;[743, 1566];[430, 27648];[30, 952];*
824;[743, 1566];[430, 27648];[30, 952];*
829;[743, 1566];[430, 27648];[30, 952];*
831;[743, 1566];[430, 27648];[30, 952];*
833;[743, 1566];[430, 27648];[30, 952];*
835;[743, 1566];[430, 27648];[30, 952];*
837;[743, 1566];[430, 27648];[30, 952];*
855;[743, 1566];[430, 27648];[30, 952];*
871;[743, 1566];[430, 27648];[30, 952];*
880;[743, 1566];[430, 27648];[30, 952];*
881;[743, 1566];[430, 27648];[30, 952];*
882;[743, 1566];[430, 27648];[30, 952];*
887;[743, 1566];[430, 27648];[30, 952];*
904;[743, 1566];[430, 27648];[30, 952];*
907;[743, 1566];[430, 27648];[30, 952];*
909;[743, 1566];[430, 27648];[30, 952];*
923;[743, 1566];[430, 27648];[30, 952];*
926;[743, 1566];[430, 27648];[30, 952];*
929;[743, 1566];[430, 27648];[30, 952];*
933;[743, 1566];[430, 27648];[30, 952];*
935;[743, 1566];[430, 27648];[30, 952];*
940;[743, 1566];[430, 27648];[30, 952];*
954;[743, 1566];[430, 27648];[30, 952];*
960;[743, 1566];[430, 27648];[30, 952];*
970;[743, 1566];[430, 27648];[30, 952];*
975;[743, 1566];[430, 27648];[30, 952];*
981;[743, 1566];[430, 27648];[30, 952];*
991;[743, 1566];[430, 27648];[30, 952];*
1006;[743, 1566];[430, 27648];[30, 952];*
1009;[743, 1566];[430, 27648];[30, 952];*
1024;[743, 1566];[430, 27648];[30, 952];*
1052;[743, 1566];[430, 27648];[30, 952];*
1079;[743, 1566];[430, 27648];[30, 952];*
1083;[743, 1566];[430, 27648];[30, 952];*
1110;[743, 1566];[430, 27648];[30, 952];*
1143;[743, 1566];[430, 27648];[30, 952];*
1148;[743, 1566];[430, 27648];[30, 952];*
1157;[743, 1566];[430, 27648];[30, 952];*
1168;[743, 1566];[430, 27648];[30, 952];*
1170;[743, 1566];[430, 27648];[30, 952];*
1174;[743, 1566];[430, 27648];[30, 952];*
1175;[743, 1566];[430, 27648];[30, 952];*
1182;[743, 1566];[430, 27648];[30, 952];*
1195;[743, 1566];[430, 27648];[30, 952];*
1207;[743, 1566];[430, 27648];[30, 952];*
1225;[743, 1566];[430, 27648];[30, 952];*
1237;[743, 1566];[430, 27648];[30, 952];*
1252;[743, 1566];[430, 27648];[30, 952];*
1253;[743, 1566];[430, 27648];[30, 952];*
1256;[743, 1566];[430, 27648];[30, 952];*
1273;[743, 1566];[430, 27648];[30, 952];*
1297;[743, 1566];[430, 27648];[30, 952];*
1309;[743, 1566];[430, 27648];[30, 952];*
1310;[743, 1566];[430, 27648];[30, 952];*
1324;[743, 1566];[430, 27648];[30, 952];*
1325;[743, 1566];[430, 27648];[30, 952];*
1326;[743, 1566];[430, 27648];[30, 952];*
1380;[743, 1566];[430, 27648];[30, 952];*
1388;[743, 1566];[430, 27648];[30, 952];*
1393;[743, 1566];[430, 27648];[30, 952];*
1407;[743, 1566];[430, 27648];[30, 952];*
1426;[743, 1566];[430, 27648];[30, 952];*
1446;[743, 1566];[430, 27648];[30, 952];*
1474;[743, 1566];[430, 27648];[30, 952];*
1475;[743, 1566];[430, 27648];[30, 952];*
1483;[743, 1566];[430, 27648];[30, 952];*
1493;[743, 1566];[430, 27648];[30, 952];*
1502;[743, 1566];[430, 27648];[30, 952];*
1525;[743, 1566];[430, 27648];[30, 952];*
1526;[743, 1566];[430, 27648];[30, 952];*
1547;[743, 1566];[430, 27648];[30, 952];*
1552;[743, 1566];[430, 27648];[30, 952];*
1566;[743, 1566];[430, 27648];[30, 952];*
1577;[1577, 4116];[430, 27648];[30, 952];*
1583;[1577, 4116];[430, 27648];[30, 952];*
1592;[1577, 4116];[430, 27648];[30, 952];*
1595;[1577, 4116];[430, 27648];[30, 952];*
1599;[1577, 4116];[430, 27648];[30, 952];*
1633;[1577, 4116];[430, 27648];[30, 952];*
1662;[1577, 4116];[430, 27648];[30, 952];*
1663;[1577, 4116];[430, 27648];[30, 952];*
1664;[1577, 4116];[430, 27648];[30, 952];*
1666;[1577, 4116];[430, 27648];[30, 952];*
1678;[1577, 4116];[430, 27648];[30, 952];*
1685;[1577, 4116];[430, 27648];[30, 952];*
1719;[1577, 4116];[430, 27648];[30, 952];*
1777;[1577, 4116];[430, 27648];[30, 952];*
1791;[1577, 4116];[430, 27648];[30, 952];*
1839;[1577, 4116];[430, 27648];[30, 952];*
1850;[1577, 4116];[430, 27648];[30, 952];*
1863;[1577, 4116];[430, 27648];[30, 952];*
1867;[1577, 4116];[430, 27648];[30, 952];*
1893;[1577, 4116];[430, 27648];[30, 952];*
1927;[1577, 4116];[430, 27648];[30, 952];*
1931;[1577, 4116];[430, 27648];[30, 952];*
1970;[1577, 4116];[430, 27648];[30, 952];*
1975;[1577, 4116];[430, 27648];[30, 952];*
1998;[1577, 4116];[430, 27648];[30, 952];*
2039;[1577, 4116];[430, 27648];[30, 952];*
2060;[1577, 4116];[430, 27648];[30, 952];*
2073;[1577, 4116];[430, 27648];[30, 952];*
2105;[1577, 4116];[430, 27648];[30, 952];*
2115;[1577, 4116];[430, 27648];[30, 952];*
2140;[1577, 4116];[430, 27648];[30, 952];*
2194;[1577, 4116];[430, 27648];[30, 952];*
2326;[1577, 4116];[430, 27648];[30, 952];*
2342;[1577, 4116];[430, 27648];[30, 952];*
2382;[1577, 4116];[430, 27648];[30, 952];*
2399;[1577, 4116];[430, 27648];[30, 952];*
2402;[1577, 4116];[430, 27648];[30, 952];*
2430;[1577, 4116];[430, 27648];[30, 952];*
2432;[1577, 4116];[430, 27648];[30, 952];*
2438;[1577, 4116];[430, 27648];[30, 952];*
2486;[1577, 4116];[430, 27648];[30, 952];*
2487;[1577, 4116];[430, 27648];[30, 952];*
2497;[1577, 4116];[430, 27648];[30, 952];*
2511;[1577, 4116];[430, 27648];[30, 952];*
2518;[1577, 4116];[430, 27648];[30, 952];*
2548;[1577, 4116];[430, 27648];[30, 952];*
2627;[1577, 4116];[430, 27648];[30, 952];*
2648;[1577, 4116];[430, 27648];[30, 952];*
2725;[1577, 4116];[430, 27648];[30, 952];*
2749;[1577, 4116];[430, 27648];[30, 952];*
2787;[1577, 4116];[430, 27648];[30, 952];*
2808;[1577, 4116];[430, 27648];[30, 952];*
2816;[1577, 4116];[430, 27648];[30, 952];*
2826;[1577, 4116];[430, 27648];[30, 952];*
2842;[1577, 4116];[430, 27648];[30, 952];*
2882;[1577, 4116];[430, 27648];[30, 952];*
2946;[1577, 4116];[430, 27648];[30, 952];*
2957;[1577, 4116];[430, 27648];[30, 952];*
2969;[1577, 4116];[430, 27648];[30, 952];*
2977;[1577, 4116];[430, 27648];[30, 952];*
2990;[1577, 4116];[430, 27648];[30, 952];*
3030;[1577, 4116];[430, 27648];[30, 952];*
3039;[1577, 4116];[430, 27648];[30, 952];*
3042;[1577, 4116];[430, 27648];[30, 952];*
3059;[1577, 4116];[430, 27648];[30, 952];*
3076;[1577, 4116];[430, 27648];[30, 952];*
3113;[1577, 4116];[430, 27648];[30, 952];*
3133;[1577, 4116];[430, 27648];[30, 952];*
3257;[1577, 4116];[430, 27648];[30, 952];*
3273;[1577, 4116];[430, 27648];[30, 952];*
3274;[1577, 4116];[430, 27648];[30, 952];*
3277;[1577, 4116];[430, 27648];[30, 952];*
3308;[1577, 4116];[430, 27648];[30, 952];*
3335;[1577, 4116];[430, 27648];[30, 952];*
3417;[1577, 4116];[430, 27648];[30, 952];*
3420;[1577, 4116];[430, 27648];[30, 952];*
3511;[1577, 4116];[430, 27648];[30, 952];*
3512;[1577, 4116];[430, 27648];[30, 952];*
3561;[1577, 4116];[430, 27648];[30, 952];*
3637;[1577, 4116];[430, 27648];[30, 952];*
3640;[1577, 4116];[430, 27648];[30, 952];*
3642;[1577, 4116];[430, 27648];[30, 952];*
3695;[1577, 4116];[430, 27648];[30, 952];*
3809;[1577, 4116];[430, 27648];[30, 952];*
3831;[1577, 4116];[430, 27648];[30, 952];*
3913;[1577, 4116];[430, 27648];[30, 952];*
3963;[1577, 4116];[430, 27648];[30, 952];*
3981;[1577, 4116];[430, 27648];[30, 952];*
3989;[1577, 4116];[430, 27648];[30, 952];*
3999;[1577, 4116];[430, 27648];[30, 952];*
4116;[1577, 4116];[430, 27648];[30, 952];*
4168;[4168, 27648];[430, 27648];[30, 952];*
4232;[4168, 27648];[430, 27648];[30, 952];*
4240;[4168, 27648];[430, 27648];[30, 952];*
4267;[4168, 27648];[430, 27648];[30, 952];*
4281;[4168, 27648];[430, 27648];[30, 952];*
4293;[4168, 27648];[430, 27648];[30, 952];*
4366;[4168, 27648];[430, 27648];[30, 952];*
4389;[4168, 27648];[430, 27648];[30, 952];*
4391;[4168, 27648];[430, 27648];[30, 952];*
4392;[4168, 27648];[430, 27648];[30, 952];*
4540;[4168, 27648];[430, 27648];[30, 952];*
4546;[4168, 27648];[430, 27648];[30, 952];*
4577;[4168, 27648];[430, 27648];[30, 952];*
4608;[4168, 27648];[430, 27648];[30, 952];*
4616;[4168, 27648];[430, 27648];[30, 952];*
4723;[4168, 27648];[430, 27648];[30, 952];*
4751;[4168, 27648];[430, 27648];[30, 952];*
4780;[4168, 27648];[430, 27648];[30, 952];*
4967;[4168, 27648];[430, 27648];[30, 952];*
5053;[4168, 27648];[430, 27648];[30, 952];*
5215;[4168, 27648];[430, 27648];[30, 952];*
5247;[4168, 27648];[430, 27648];[30, 952];*
5251;[4168, 27648];[430, 27648];[30, 952];*
5270;[4168, 27648];[430, 27648];[30, 952];*
5296;[4168, 27648];[430, 27648];[30, 952];*
5524;[4168, 27648];[430, 27648];[30, 952];*
5570;[4168, 27648];[430, 27648];[30, 952];*
6024;[4168, 27648];[430, 27648];[30, 952];*
6070;[4168, 27648];[430, 27648];[30, 952];*
6211;[4168, 27648];[430, 27648];[30, 952];*
6261;[4168, 27648];[430, 27648];[30, 952];*
6362;[4168, 27648];[430, 27648];[30, 952];*
6426;[4168, 27648];[430, 27648];[30, 952];*
6503;[4168, 27648];[430, 27648];[30, 952];*
6510;[4168, 27648];[430, 27648];[30, 952];*
6719;[4168, 27648];[430, 27648];[30, 952];*
6757;[4168, 27648];[430, 27648];[30, 952];*
6864;[4168, 27648];[430, 27648];[30, 952];*
7386;[4168, 27648];[430, 27648];[30, 952];*
7397;[4168, 27648];[430, 27648];[30, 952];*
7543;[4168, 27648];[430, 27648];[30, 952];*
7611;[4168, 27648];[430, 27648];[30, 952];*
7628;[4168, 27648];[430, 27648];[30, 952];*
7733;[4168, 27648];[430, 27648];[30, 952];*
7859;[4168, 27648];[430, 27648];[30, 952];*
8286;[4168, 27648];[430, 27648];[30, 952];*
8744;[4168, 27648];[430, 27648];[30, 952];*
8752;[4168, 27648];[430, 27648];[30, 952];*
8846;[4168, 27648];[430, 27648];[30, 952];*
9025;[4168, 27648];[430, 27648];[30, 952];*
9333;[4168, 27648];[430, 27648];[30, 952];*
9342;[4168, 27648];[430, 27648];[30, 952];*
9402;[4168, 27648];[430, 27648];[30, 952];*
9654;[4168, 27648];[430, 27648];[30, 952];*
9985;[4168, 27648];[430, 27648];[30, 952];*
10047;[4168, 27648];[430, 27648];[30, 952];*
10180;[4168, 27648];[430, 27648];[30, 952];*
10880;[4168, 27648];[430, 27648];[30, 952];*
10914;[4168, 27648];[430, 27648];[30, 952];*
11048;[4168, 27648];[430, 27648];[30, 952];*
11203;[4168, 27648];[430, 27648];[30, 952];*
11254;[4168, 27648];[430, 27648];[30, 952];*
11333;[4168, 27648];[430, 27648];[30, 952];*
11507;[4168, 27648];[430, 27648];[30, 952];*
11686;[4168, 27648];[430, 27648];[30, 952];*
12354;[4168, 27648];[430, 27648];[30, 952];*
12365;[4168, 27648];[430, 27648];[30, 952];*
12387;[4168, 27648];[430, 27648];[30, 952];*
12499;[4168, 27648];[430, 27648];[30, 952];*
12789;[4168, 27648];[430, 27648];[30, 952];*
13008;[4168, 27648];[430, 27648];[30, 952];*
13148;[4168, 27648];[430, 27648];[30, 952];*
13156;[4168, 27648];[430, 27648];[30, 952];*
13526;[4168, 27648];[430, 27648];[30, 952];*
13561;[4168, 27648];[430, 27648];[30, 952];*
14068;[4168, 27648];[430, 27648];[30, 952];*
14165;[4168, 27648];[430, 27648];[30, 952];*
14873;[4168, 27648];[430, 27648];[30, 952];*
15365;[4168, 27648];[430, 27648];[30, 952];*
16080;[4168, 27648];[430, 27648];[30, 952];*
16382;[4168, 27648];[430, 27648];[30, 952];*
16427;[4168, 27648];[430, 27648];[30, 952];*
18833;[4168, 27648];[430, 27648];[30, 952];*
19901;[4168, 27648];[430, 27648];[30, 952];*
21264;[4168, 27648];[430, 27648];[30, 952];*
21279;[4168, 27648];[430, 27648];[30, 952];*
21802;[4168, 27648];[430, 27648];[30, 952];*
24295;[4168, 27648];[430, 27648];[30, 952];*
25436;[4168, 27648];[430, 27648];[30, 952];*
25728;[4168, 27648];[430, 27648];[30, 952];*
27648;[4168, 27648];[430, 27648];[30, 952];*
30683;[30683, 520];[30683, 952];[30, 952];*
31795;[30683, 520];[30683, 952];[30, 952];*
36748;[30683, 520];[30683, 952];[30, 952];*
39808;[30683, 520];[30683, 952];[30, 952];*
40598;[30683, 520];[30683, 952];[30, 952];*
42207;[30683, 520];[30683, 952];[30, 952];*
47146;[30683, 520];[30683, 952];[30, 952];*
49311;[30683, 520];[30683, 952];[30, 952];*
55064;[30683, 520];[30683, 952];[30, 952];*
94458;[30683, 520];[30683, 952];[30, 952];*
101347;[30683, 520];[30683, 952];[30, 952];*
102082;[30683, 520];[30683, 952];[30, 952];*
103746;[30683, 520];[30683, 952];[30, 952];*
114088;[30683, 520];[30683, 952];[30, 952];*
142719;[30683, 520];[30683, 952];[30, 952];*
147828;[30683, 520];[30683, 952];[30, 952];*
149923;[30683, 520];[30683, 952];[30, 952];*
516476;[30683, 520];[30683, 952];[30, 952];*
753223;[30683, 520];[30683, 952];[30, 952];*
1117874;[30683, 520];[30683, 952];[30, 952];*
1162327;[30683, 520];[30683, 952];[30, 952];*
;[30683, 520];[30683, 952];[30, 952];*
50;[30683, 520];[30683, 952];[30, 952];*
153;[30683, 520];[30683, 952];[30, 952];*
180;[30683, 520];[30683, 952];[30, 952];*
210;[30683, 520];[30683, 952];[30, 952];*
259;[30683, 520];[30683, 952];[30, 952];*
270;[30683, 520];[30683, 952];[30, 952];*
278;[30683, 520];[30683, 952];[30, 952];*
283;[30683, 520];[30683, 952];[30, 952];*
286;[30683, 520];[30683, 952];[30, 952];*
298;[30683, 520];[30683, 952];[30, 952];*
299;[30683, 520];[30683, 952];[30, 952];*
300;[30683, 520];[30683, 952];[30, 952];*
309;[30683, 520];[30683, 952];[30, 952];*
323;[30683, 520];[30683, 952];[30, 952];*
338;[30683, 520];[30683, 952];[30, 952];*
342;[30683, 520];[30683, 952];[30, 952];*
346;[30683, 520];[30683, 952];[30, 952];*
349;[30683, 520];[30683, 952];[30, 952];*
356;[30683, 520];[30683, 952];[30, 952];*
357;[30683, 520];[30683, 952];[30, 952];*
362;[30683, 520];[30683, 952];[30, 952];*
365;[30683, 520];[30683, 952];[30, 952];*
388;[30683, 520];[30683, 952];[30, 952];*
391;[30683, 520];[30683, 952];[30, 952];*
394;[30683, 520];[30683, 952];[30, 952];*
396;[30683, 520];[30683, 952];[30, 952];*
408;[30683, 520];[30683, 952];[30, 952];*
409;[30683, 520];[30683, 952];[30, 952];*
417;[30683, 520];[30683, 952];[30, 952];*
422;[30683, 520];[30683, 952];[30, 952];*
426;[30683, 520];[30683, 952];[30, 952];*
435;[30683, 520];[30683, 952];[30, 952];*
437;[30683, 520];[30683, 952];[30, 952];*
440;[30683, 520];[30683, 952];[30, 952];*
443;[30683, 520];[30683, 952];[30, 952];*
444;[30683, 520];[30683, 952];[30, 952];*
445;[30683, 520];[30683, 952];[30, 952];*
447;[30683, 520];[30683, 952];[30, 952];*
448;[30683, 520];[30683, 952];[30, 952];*
449;[30683, 520];[30683, 952];[30, 952];*
460;[30683, 520];[30683, 952];[30, 952];*
465;[30683, 520];[30683, 952];[30, 952];*
468;[30683, 520];[30683, 952];[30, 952];*
469;[30683, 520];[30683, 952];[30, 952];*
470;[30683, 520];[30683, 952];[30, 952];*
473;[30683, 520];[30683, 952];[30, 952];*
476;[30683, 520];[30683, 952];[30, 952];*
477;[30683, 520];[30683, 952];[30, 952];*
478;[30683, 520];[30683, 952];[30, 952];*
485;[30683, 520];[30683, 952];[30, 952];*
489;[30683, 520];[30683, 952];[30, 952];*
490;[30683, 520];[30683, 952];[30, 952];*
498;[30683, 520];[30683, 952];[30, 952];*
499;[30683, 520];[30683, 952];[30, 952];*
500;[30683, 520];[30683, 952];[30, 952];*
501;[30683, 520];[30683, 952];[30, 952];*
502;[30683, 520];[30683, 952];[30, 952];*
506;[30683, 520];[30683, 952];[30, 952];*
508;[30683, 520];[30683, 952];[30, 952];*
510;[30683, 520];[30683, 952];[30, 952];*
511;[30683, 520];[30683, 952];[30, 952];*
512;[30683, 520];[30683, 952];[30, 952];*
513;[30683, 520];[30683, 952];[30, 952];*
514;[30683, 520];[30683, 952];[30, 952];*
515;[30683, 520];[30683, 952];[30, 952];*
516;[30683, 520];[30683, 952];[30, 952];*
518;[30683, 520];[30683, 952];[30, 952];*
519;[30683, 520];[30683, 952];[30, 952];*
520;[30683, 520];[30683, 952];[30, 952];*
522;[522, 654];[30683, 952];[30, 952];*
523;[522, 654];[30683, 952];[30, 952];*
524;[522, 654];[30683, 952];[30, 952];*
527;[522, 654];[30683, 952];[30, 952];*
529;[522, 654];[30683, 952];[30, 952];*
530;[522, 654];[30683, 952];[30, 952];*
533;[522, 654];[30683, 952];[30, 952];*
534;[522, 654];[30683, 952];[30, 952];*
535;[522, 654];[30683, 952];[30, 952];*
536;[522, 654];[30683, 952];[30, 952];*
537;[522, 654];[30683, 952];[30, 952];*
538;[522, 654];[30683, 952];[30, 952];*
539;[522, 654];[30683, 952];[30, 952];*
544;[522, 654];[30683, 952];[30, 952];*
545;[522, 654];[30683, 952];[30, 952];*
546;[522, 654];[30683, 952];[30, 952];*
547;[522, 654];[30683, 952];[30, 952];*
550;[522, 654];[30683, 952];[30, 952];*
551;[522, 654];[30683, 952];[30, 952];*
552;[522, 654];[30683, 952];[30, 952];*
553;[522, 654];[30683, 952];[30, 952];*
554;[522, 654];[30683, 952];[30, 952];*
556;[522, 654];[30683, 952];[30, 952];*
557;[522, 654];[30683, 952];[30, 952];*
559;[522, 654];[30683, 952];[30, 952];*
560;[522, 654];[30683, 952];[30, 952];*
562;[522, 654];[30683, 952];[30, 952];*
563;[522, 654];[30683, 952];[30, 952];*
564;[522, 654];[30683, 952];[30, 952];*
565;[522, 654];[30683, 952];[30, 952];*
566;[522, 654];[30683, 952];[30, 952];*
567;[522, 654];[30683, 952];[30, 952];*
568;[522, 654];[30683, 952];[30, 952];*
569;[522, 654];[30683, 952];[30, 952];*
570;[522, 654];[30683, 952];[30, 952];*
571;[522, 654];[30683, 952];[30, 952];*
573;[522, 654];[30683, 952];[30, 952];*
574;[522, 654];[30683, 952];[30, 952];*
576;[522, 654];[30683, 952];[30, 952];*
580;[522, 654];[30683, 952];[30, 952];*
581;[522, 654];[30683, 952];[30, 952];*
583;[522, 654];[30683, 952];[30, 952];*
584;[522, 654];[30683, 952];[30, 952];*
586;[522, 654];[30683, 952];[30, 952];*
588;[522, 654];[30683, 952];[30, 952];*
590;[522, 654];[30683, 952];[30, 952];*
591;[522, 654];[30683, 952];[30, 952];*
592;[522, 654];[30683, 952];[30, 952];*
593;[522, 654];[30683, 952];[30, 952];*
594;[522, 654];[30683, 952];[30, 952];*
595;[522, 654];[30683, 952];[30, 952];*
596;[522, 654];[30683, 952];[30, 952];*
597;[522, 654];[30683, 952];[30, 952];*
598;[522, 654];[30683, 952];[30, 952];*
599;[522, 654];[30683, 952];[30, 952];*
603;[522, 654];[30683, 952];[30, 952];*
606;[522, 654];[30683, 952];[30, 952];*
607;[522, 654];[30683, 952];[30, 952];*
611;[522, 654];[30683, 952];[30, 952];*
616;[522, 654];[30683, 952];[30, 952];*
617;[522, 654];[30683, 952];[30, 952];*
618;[522, 654];[30683, 952];[30, 952];*
619;[522, 654];[30683, 952];[30, 952];*
621;[522, 654];[30683, 952];[30, 952];*
622;[522, 654];[30683, 952];[30, 952];*
623;[522, 654];[30683, 952];[30, 952];*
624;[522, 654];[30683, 952];[30, 952];*
625;[522, 654];[30683, 952];[30, 952];*
628;[522, 654];[30683, 952];[30, 952];*
629;[522, 654];[30683, 952];[30, 952];*
630;[522, 654];[30683, 952];[30, 952];*
631;[522, 654];[30683, 952];[30, 952];*
632;[522, 654];[30683, 952];[30, 952];*
633;[522, 654];[30683, 952];[30, 952];*
634;[522, 654];[30683, 952];[30, 952];*
635;[522, 654];[30683, 952];[30, 952];*
636;[522, 654];[30683, 952];[30, 952];*
637;[522, 654];[30683, 952];[30, 952];*
638;[522, 654];[30683, 952];[30, 952];*
641;[522, 654];[30683, 952];[30, 952];*
642;[522, 654];[30683, 952];[30, 952];*
643;[522, 654];[30683, 952];[30, 952];*
644;[522, 654];[30683, 952];[30, 952];*
645;[522, 654];[30683, 952];[30, 952];*
646;[522, 654];[30683, 952];[30, 952];*
647;[522, 654];[30683, 952];[30, 952];*
648;[522, 654];[30683, 952];[30, 952];*
649;[522, 654];[30683, 952];[30, 952];*
650;[522, 654];[30683, 952];[30, 952];*
652;[522, 654];[30683, 952];[30, 952];*
654;[522, 654];[30683, 952];[30, 952];*
655;[655, 799];[30683, 952];[30, 952];*
656;[655, 799];[30683, 952];[30, 952];*
657;[655, 799];[30683, 952];[30, 952];*
659;[655, 799];[30683, 952];[30, 952];*
660;[655, 799];[30683, 952];[30, 952];*
661;[655, 799];[30683, 952];[30, 952];*
662;[655, 799];[30683, 952];[30, 952];*
665;[655, 799];[30683, 952];[30, 952];*
666;[655, 799];[30683, 952];[30, 952];*
667;[655, 799];[30683, 952];[30, 952];*
668;[655, 799];[30683, 952];[30, 952];*
669;[655, 799];[30683, 952];[30, 952];*
670;[655, 799];[30683, 952];[30, 952];*
671;[655, 799];[30683, 952];[30, 952];*
672;[655, 799];[30683, 952];[30, 952];*
673;[655, 799];[30683, 952];[30, 952];*
675;[655, 799];[30683, 952];[30, 952];*
676;[655, 799];[30683, 952];[30, 952];*
677;[655, 799];[30683, 952];[30, 952];*
679;[655, 799];[30683, 952];[30, 952];*
680;[655, 799];[30683, 952];[30, 952];*
682;[655, 799];[30683, 952];[30, 952];*
683;[655, 799];[30683, 952];[30, 952];*
684;[655, 799];[30683, 952];[30, 952];*
686;[655, 799];[30683, 952];[30, 952];*
688;[655, 799];[30683, 952];[30, 952];*
689;[655, 799];[30683, 952];[30, 952];*
691;[655, 799];[30683, 952];[30, 952];*
693;[655, 799];[30683, 952];[30, 952];*
694;[655, 799];[30683, 952];[30, 952];*
695;[655, 799];[30683, 952];[30, 952];*
696;[655, 799];[30683, 952];[30, 952];*
697;[655, 799];[30683, 952];[30, 952];*
699;[655, 799];[30683, 952];[30, 952];*
700;[655, 799];[30683, 952];[30, 952];*
701;[655, 799];[30683, 952];[30, 952];*
705;[655, 799];[30683, 952];[30, 952];*
706;[655, 799];[30683, 952];[30, 952];*
709;[655, 799];[30683, 952];[30, 952];*
710;[655, 799];[30683, 952];[30, 952];*
716;[655, 799];[30683, 952];[30, 952];*
717;[655, 799];[30683, 952];[30, 952];*
718;[655, 799];[30683, 952];[30, 952];*
722;[655, 799];[30683, 952];[30, 952];*
724;[655, 799];[30683, 952];[30, 952];*
725;[655, 799];[30683, 952];[30, 952];*
726;[655, 799];[30683, 952];[30, 952];*
727;[655, 799];[30683, 952];[30, 952];*
728;[655, 799];[30683, 952];[30, 952];*
729;[655, 799];[30683, 952];[30, 952];*
730;[655, 799];[30683, 952];[30, 952];*
731;[655, 799];[30683, 952];[30, 952];*
732;[655, 799];[30683, 952];[30, 952];*
734;[655, 799];[30683, 952];[30, 952];*
735;[655, 799];[30683, 952];[30, 952];*
736;[655, 799];[30683, 952];[30, 952];*
738;[655, 799];[30683, 952];[30, 952];*
741;[655, 799];[30683, 952];[30, 952];*
744;[655, 799];[30683, 952];[30, 952];*
746;[655, 799];[30683, 952];[30, 952];*
747;[655, 799];[30683, 952];[30, 952];*
751;[655, 799];[30683, 952];[30, 952];*
752;[655, 799];[30683, 952];[30, 952];*
753;[655, 799];[30683, 952];[30, 952];*
754;[655, 799];[30683, 952];[30, 952];*
759;[655, 799];[30683, 952];[30, 952];*
760;[655, 799];[30683, 952];[30, 952];*
762;[655, 799];[30683, 952];[30, 952];*
763;[655, 799];[30683, 952];[30, 952];*
764;[655, 799];[30683, 952];[30, 952];*
765;[655, 799];[30683, 952];[30, 952];*
767;[655, 799];[30683, 952];[30, 952];*
768;[655, 799];[30683, 952];[30, 952];*
770;[655, 799];[30683, 952];[30, 952];*
771;[655, 799];[30683, 952];[30, 952];*
772;[655, 799];[30683, 952];[30, 952];*
775;[655, 799];[30683, 952];[30, 952];*
776;[655, 799];[30683, 952];[30, 952];*
780;[655, 799];[30683, 952];[30, 952];*
781;[655, 799];[30683, 952];[30, 952];*
782;[655, 799];[30683, 952];[30, 952];*
783;[655, 799];[30683, 952];[30, 952];*
785;[655, 799];[30683, 952];[30, 952];*
788;[655, 799];[30683, 952];[30, 952];*
789;[655, 799];[30683, 952];[30, 952];*
790;[655, 799];[30683, 952];[30, 952];*
791;[655, 799];[30683, 952];[30, 952];*
793;[655, 799];[30683, 952];[30, 952];*
794;[655, 799];[30683, 952];[30, 952];*
798;[655, 799];[30683, 952];[30, 952];*
799;[655, 799];[30683, 952];[30, 952];*
800;[800, 952];[30683, 952];[30, 952];*
802;[800, 952];[30683, 952];[30, 952];*
803;[800, 952];[30683, 952];[30, 952];*
804;[800, 952];[30683, 952];[30, 952];*
807;[800, 952];[30683, 952];[30, 952];*
808;[800, 952];[30683, 952];[30, 952];*
810;[800, 952];[30683, 952];[30, 952];*
812;[800, 952];[30683, 952];[30, 952];*
814;[800, 952];[30683, 952];[30, 952];*
815;[800, 952];[30683, 952];[30, 952];*
818;[800, 952];[30683, 952];[30, 952];*
819;[800, 952];[30683, 952];[30, 952];*
822;[800, 952];[30683, 952];[30, 952];*
825;[800, 952];[30683, 952];[30, 952];*
826;[800, 952];[30683, 952];[30, 952];*
827;[800, 952];[30683, 952];[30, 952];*
828;[800, 952];[30683, 952];[30, 952];*
830;[800, 952];[30683, 952];[30, 952];*
832;[800, 952];[30683, 952];[30, 952];*
836;[800, 952];[30683, 952];[30, 952];*
838;[800, 952];[30683, 952];[30, 952];*
840;[800, 952];[30683, 952];[30, 952];*
842;[800, 952];[30683, 952];[30, 952];*
843;[800, 952];[30683, 952];[30, 952];*
844;[800, 952];[30683, 952];[30, 952];*
846;[800, 952];[30683, 952];[30, 952];*
847;[800, 952];[30683, 952];[30, 952];*
849;[800, 952];[30683, 952];[30, 952];*
850;[800, 952];[30683, 952];[30, 952];*
851;[800, 952];[30683, 952];[30, 952];*
852;[800, 952];[30683, 952];[30, 952];*
854;[800, 952];[30683, 952];[30, 952];*
856;[800, 952];[30683, 952];[30, 952];*
857;[800, 952];[30683, 952];[30, 952];*
858;[800, 952];[30683, 952];[30, 952];*
862;[800, 952];[30683, 952];[30, 952];*
863;[800, 952];[30683, 952];[30, 952];*
865;[800, 952];[30683, 952];[30, 952];*
866;[800, 952];[30683, 952];[30, 952];*
867;[800, 952];[30683, 952];[30, 952];*
868;[800, 952];[30683, 952];[30, 952];*
869;[800, 952];[30683, 952];[30, 952];*
870;[800, 952];[30683, 952];[30, 952];*
874;[800, 952];[30683, 952];[30, 952];*
876;[800, 952];[30683, 952];[30, 952];*
877;[800, 952];[30683, 952];[30, 952];*
878;[800, 952];[30683, 952];[30, 952];*
883;[800, 952];[30683, 952];[30, 952];*
884;[800, 952];[30683, 952];[30, 952];*
888;[800, 952];[30683, 952];[30, 952];*
890;[800, 952];[30683, 952];[30, 952];*
891;[800, 952];[30683, 952];[30, 952];*
892;[800, 952];[30683, 952];[30, 952];*
893;[800, 952];[30683, 952];[30, 952];*
894;[800, 952];[30683, 952];[30, 952];*
895;[800, 952];[30683, 952];[30, 952];*
896;[800, 952];[30683, 952];[30, 952];*
899;[800, 952];[30683, 952];[30, 952];*
900;[800, 952];[30683, 952];[30, 952];*
901;[800, 952];[30683, 952];[30, 952];*
903;[800, 952];[30683, 952];[30, 952];*
905;[800, 952];[30683, 952];[30, 952];*
906;[800, 952];[30683, 952];[30, 952];*
908;[800, 952];[30683, 952];[30, 952];*
910;[800, 952];[30683, 952];[30, 952];*
912;[800, 952];[30683, 952];[30, 952];*
913;[800, 952];[30683, 952];[30, 952];*
914;[800, 952];[30683, 952];[30, 952];*
915;[800, 952];[30683, 952];[30, 952];*
916;[800, 952];[30683, 952];[30, 952];*
917;[800, 952];[30683, 952];[30, 952];*
918;[800, 952];[30683, 952];[30, 952];*
919;[800, 952];[30683, 952];[30, 952];*
920;[800, 952];[30683, 952];[30, 952];*
924;[800, 952];[30683, 952];[30, 952];*
925;[800, 952];[30683, 952];[30, 952];*
928;[800, 952];[30683, 952];[30, 952];*
931;[800, 952];[30683, 952];[30, 952];*
932;[800, 952];[30683, 952];[30, 952];*
934;[800, 952];[30683, 952];[30, 952];*
938;[800, 952];[30683, 952];[30, 952];*
939;[800, 952];[30683, 952];[30, 952];*
941;[800, 952];[30683, 952];[30, 952];*
942;[800, 952];[30683, 952];[30, 952];*
943;[800, 952];[30683, 952];[30, 952];*
944;[800, 952];[30683, 952];[30, 952];*
946;[800, 952];[30683, 952];[30, 952];*
947;[800, 952];[30683, 952];[30, 952];*
948;[800, 952];[30683, 952];[30, 952];*
951;[800, 952];[30683, 952];[30, 952];*
952;[800, 952];[30683, 952];[30, 952];*
953;[953, 1123];[953, 1862];[953, 1482514];*
955;[953, 1123];[953, 1862];[953, 1482514];*
958;[953, 1123];[953, 1862];[953, 1482514];*
959;[953, 1123];[953, 1862];[953, 1482514];*
961;[953, 1123];[953, 1862];[953, 1482514];*
962;[953, 1123];[953, 1862];[953, 1482514];*
963;[953, 1123];[953, 1862];[953, 1482514];*
964;[953, 1123];[953, 1862];[953, 1482514];*
965;[953, 1123];[953, 1862];[953, 1482514];*
968;[953, 1123];[953, 1862];[953, 1482514];*
969;[953, 1123];[953, 1862];[953, 1482514];*
971;[953, 1123];[953, 1862];[953, 1482514];*
973;[953, 1123];[953, 1862];[953, 1482514];*
974;[953, 1123];[953, 1862];[953, 1482514];*
976;[953, 1123];[953, 1862];[953, 1482514];*
979;[953, 1123];[953, 1862];[953, 1482514];*
980;[953, 1123];[953, 1862];[953, 1482514];*
984;[953, 1123];[953, 1862];[953, 1482514];*
985;[953, 1123];[953, 1862];[953, 1482514];*
986;[953, 1123];[953, 1862];[953, 1482514];*
988;[953, 1123];[953, 1862];[953, 1482514];*
990;[953, 1123];[953, 1862];[953, 1482514];*
992;[953, 1123];[953, 1862];[953, 1482514];*
993;[953, 1123];[953, 1862];[953, 1482514];*
995;[953, 1123];[953, 1862];[953, 1482514];*
999;[953, 1123];[953, 1862];[953, 1482514];*
1000;[953, 1123];[953, 1862];[953, 1482514];*
1001;[953, 1123];[953, 1862];[953, 1482514];*
1002;[953, 1123];[953, 1862];[953, 1482514];*
1003;[953, 1123];[953, 1862];[953, 1482514];*
1004;[953, 1123];[953, 1862];[953, 1482514];*
1005;[953, 1123];[953, 1862];[953, 1482514];*
1008;[953, 1123];[953, 1862];[953, 1482514];*
1011;[953, 1123];[953, 1862];[953, 1482514];*
1013;[953, 1123];[953, 1862];[953, 1482514];*
1016;[953, 1123];[953, 1862];[953, 1482514];*
1018;[953, 1123];[953, 1862];[953, 1482514];*
1019;[953, 1123];[953, 1862];[953, 1482514];*
1021;[953, 1123];[953, 1862];[953, 1482514];*
1025;[953, 1123];[953, 1862];[953, 1482514];*
1027;[953, 1123];[953, 1862];[953, 1482514];*
1028;[953, 1123];[953, 1862];[953, 1482514];*
1033;[953, 1123];[953, 1862];[953, 1482514];*
1034;[953, 1123];[953, 1862];[953, 1482514];*
1035;[953, 1123];[953, 1862];[953, 1482514];*
1037;[953, 1123];[953, 1862];[953, 1482514];*
1041;[953, 1123];[953, 1862];[953, 1482514];*
1042;[953, 1123];[953, 1862];[953, 1482514];*
1043;[953, 1123];[953, 1862];[953, 1482514];*
1044;[953, 1123];[953, 1862];[953, 1482514];*
1045;[953, 1123];[953, 1862];[953, 1482514];*
1048;[953, 1123];[953, 1862];[953, 1482514];*
1049;[953, 1123];[953, 1862];[953, 1482514];*
1050;[953, 1123];[953, 1862];[953, 1482514];*
1054;[953, 1123];[953, 1862];[953, 1482514];*
1056;[953, 1123];[953, 1862];[953, 1482514];*
1059;[953, 1123];[953, 1862];[953, 1482514];*
1060;[953, 1123];[953, 1862];[953, 1482514];*
1061;[953, 1123];[953, 1862];[953, 1482514];*
1065;[953, 1123];[953, 1862];[953, 1482514];*
1066;[953, 1123];[953, 1862];[953, 1482514];*
1067;[953, 1123];[953, 1862];[953, 1482514];*
1068;[953, 1123];[953, 1862];[953, 1482514];*
1071;[953, 1123];[953, 1862];[953, 1482514];*
1072;[953, 1123];[953, 1862];[953, 1482514];*
1075;[953, 1123];[953, 1862];[953, 1482514];*
1078;[953, 1123];[953, 1862];[953, 1482514];*
1080;[953, 1123];[953, 1862];[953, 1482514];*
1085;[953, 1123];[953, 1862];[953, 1482514];*
1087;[953, 1123];[953, 1862];[953, 1482514];*
1090;[953, 1123];[953, 1862];[953, 1482514];*
1094;[953, 1123];[953, 1862];[953, 1482514];*
1097;[953, 1123];[953, 1862];[953, 1482514];*
1098;[953, 1123];[953, 1862];[953, 1482514];*
1100;[953, 1123];[953, 1862];[953, 1482514];*
1102;[953, 1123];[953, 1862];[953, 1482514];*
1104;[953, 1123];[953, 1862];[953, 1482514];*
1105;[953, 1123];[953, 1862];[953, 1482514];*
1107;[953, 1123];[953, 1862];[953, 1482514];*
1108;[953, 1123];[953, 1862];[953, 1482514];*
1111;[953, 1123];[953, 1862];[953, 1482514];*
1112;[953, 1123];[953, 1862];[953, 1482514];*
1114;[953, 1123];[953, 1862];[953, 1482514];*
1115;[953, 1123];[953, 1862];[953, 1482514];*
1116;[953, 1123];[953, 1862];[953, 1482514];*
1117;[953, 1123];[953, 1862];[953, 1482514];*
1119;[953, 1123];[953, 1862];[953, 1482514];*
1120;[953, 1123];[953, 1862];[953, 1482514];*
1121;[953, 1123];[953, 1862];[953, 1482514];*
1122;[953, 1123];[953, 1862];[953, 1482514];*
1123;[953, 1123];[953, 1862];[953, 1482514];*
1124;[1124, 1348];[953, 1862];[953, 1482514];*
1125;[1124, 1348];[953, 1862];[953, 1482514];*
1127;[1124, 1348];[953, 1862];[953, 1482514];*
1133;[1124, 1348];[953, 1862];[953, 1482514];*
1134;[1124, 1348];[953, 1862];[953, 1482514];*
1137;[1124, 1348];[953, 1862];[953, 1482514];*
1138;[1124, 1348];[953, 1862];[953, 1482514];*
1141;[1124, 1348];[953, 1862];[953, 1482514];*
1150;[1124, 1348];[953, 1862];[953, 1482514];*
1151;[1124, 1348];[953, 1862];[953, 1482514];*
1152;[1124, 1348];[953, 1862];[953, 1482514];*
1153;[1124, 1348];[953, 1862];[953, 1482514];*
1154;[1124, 1348];[953, 1862];[953, 1482514];*
1156;[1124, 1348];[953, 1862];[953, 1482514];*
1158;[1124, 1348];[953, 1862];[953, 1482514];*
1159;[1124, 1348];[953, 1862];[953, 1482514];*
1160;[1124, 1348];[953, 1862];[953, 1482514];*
1162;[1124, 1348];[953, 1862];[953, 1482514];*
1165;[1124, 1348];[953, 1862];[953, 1482514];*
1169;[1124, 1348];[953, 1862];[953, 1482514];*
1172;[1124, 1348];[953, 1862];[953, 1482514];*
1176;[1124, 1348];[953, 1862];[953, 1482514];*
1178;[1124, 1348];[953, 1862];[953, 1482514];*
1180;[1124, 1348];[953, 1862];[953, 1482514];*
1181;[1124, 1348];[953, 1862];[953, 1482514];*
1183;[1124, 1348];[953, 1862];[953, 1482514];*
1184;[1124, 1348];[953, 1862];[953, 1482514];*
1185;[1124, 1348];[953, 1862];[953, 1482514];*
1187;[1124, 1348];[953, 1862];[953, 1482514];*
1188;[1124, 1348];[953, 1862];[953, 1482514];*
1192;[1124, 1348];[953, 1862];[953, 1482514];*
1198;[1124, 1348];[953, 1862];[953, 1482514];*
1201;[1124, 1348];[953, 1862];[953, 1482514];*
1202;[1124, 1348];[953, 1862];[953, 1482514];*
1203;[1124, 1348];[953, 1862];[953, 1482514];*
1204;[1124, 1348];[953, 1862];[953, 1482514];*
1206;[1124, 1348];[953, 1862];[953, 1482514];*
1208;[1124, 1348];[953, 1862];[953, 1482514];*
1212;[1124, 1348];[953, 1862];[953, 1482514];*
1214;[1124, 1348];[953, 1862];[953, 1482514];*
1215;[1124, 1348];[953, 1862];[953, 1482514];*
1218;[1124, 1348];[953, 1862];[953, 1482514];*
1219;[1124, 1348];[953, 1862];[953, 1482514];*
1231;[1124, 1348];[953, 1862];[953, 1482514];*
1232;[1124, 1348];[953, 1862];[953, 1482514];*
1241;[1124, 1348];[953, 1862];[953, 1482514];*
1243;[1124, 1348];[953, 1862];[953, 1482514];*
1245;[1124, 1348];[953, 1862];[953, 1482514];*
1247;[1124, 1348];[953, 1862];[953, 1482514];*
1249;[1124, 1348];[953, 1862];[953, 1482514];*
1251;[1124, 1348];[953, 1862];[953, 1482514];*
1257;[1124, 1348];[953, 1862];[953, 1482514];*
1259;[1124, 1348];[953, 1862];[953, 1482514];*
1261;[1124, 1348];[953, 1862];[953, 1482514];*
1263;[1124, 1348];[953, 1862];[953, 1482514];*
1264;[1124, 1348];[953, 1862];[953, 1482514];*
1268;[1124, 1348];[953, 1862];[953, 1482514];*
1269;[1124, 1348];[953, 1862];[953, 1482514];*
1270;[1124, 1348];[953, 1862];[953, 1482514];*
1271;[1124, 1348];[953, 1862];[953, 1482514];*
1272;[1124, 1348];[953, 1862];[953, 1482514];*
1274;[1124, 1348];[953, 1862];[953, 1482514];*
1276;[1124, 1348];[953, 1862];[953, 1482514];*
1277;[1124, 1348];[953, 1862];[953, 1482514];*
1278;[1124, 1348];[953, 1862];[953, 1482514];*
1279;[1124, 1348];[953, 1862];[953, 1482514];*
1281;[1124, 1348];[953, 1862];[953, 1482514];*
1286;[1124, 1348];[953, 1862];[953, 1482514];*
1291;[1124, 1348];[953, 1862];[953, 1482514];*
1292;[1124, 1348];[953, 1862];[953, 1482514];*
1299;[1124, 1348];[953, 1862];[953, 1482514];*
1301;[1124, 1348];[953, 1862];[953, 1482514];*
1303;[1124, 1348];[953, 1862];[953, 1482514];*
1304;[1124, 1348];[953, 1862];[953, 1482514];*
1307;[1124, 1348];[953, 1862];[953, 1482514];*
1311;[1124, 1348];[953, 1862];[953, 1482514];*
1312;[1124, 1348];[953, 1862];[953, 1482514];*
1313;[1124, 1348];[953, 1862];[953, 1482514];*
1314;[1124, 1348];[953, 1862];[953, 1482514];*
1319;[1124, 1348];[953, 1862];[953, 1482514];*
1322;[1124, 1348];[953, 1862];[953, 1482514];*
1327;[1124, 1348];[953, 1862];[953, 1482514];*
1331;[1124, 1348];[953, 1862];[953, 1482514];*
1335;[1124, 1348];[953, 1862];[953, 1482514];*
1336;[1124, 1348];[953, 1862];[953, 1482514];*
1338;[1124, 1348];[953, 1862];[953, 1482514];*
1342;[1124, 1348];[953, 1862];[953, 1482514];*
1343;[1124, 1348];[953, 1862];[953, 1482514];*
1344;[1124, 1348];[953, 1862];[953, 1482514];*
1347;[1124, 1348];[953, 1862];[953, 1482514];*
1348;[1124, 1348];[953, 1862];[953, 1482514];*
1350;[1350, 1598];[953, 1862];[953, 1482514];*
1354;[1350, 1598];[953, 1862];[953, 1482514];*
1358;[1350, 1598];[953, 1862];[953, 1482514];*
1361;[1350, 1598];[953, 1862];[953, 1482514];*
1363;[1350, 1598];[953, 1862];[953, 1482514];*
1365;[1350, 1598];[953, 1862];[953, 1482514];*
1373;[1350, 1598];[953, 1862];[953, 1482514];*
1376;[1350, 1598];[953, 1862];[953, 1482514];*
1379;[1350, 1598];[953, 1862];[953, 1482514];*
1381;[1350, 1598];[953, 1862];[953, 1482514];*
1383;[1350, 1598];[953, 1862];[953, 1482514];*
1384;[1350, 1598];[953, 1862];[953, 1482514];*
1386;[1350, 1598];[953, 1862];[953, 1482514];*
1387;[1350, 1598];[953, 1862];[953, 1482514];*
1396;[1350, 1598];[953, 1862];[953, 1482514];*
1399;[1350, 1598];[953, 1862];[953, 1482514];*
1402;[1350, 1598];[953, 1862];[953, 1482514];*
1411;[1350, 1598];[953, 1862];[953, 1482514];*
1413;[1350, 1598];[953, 1862];[953, 1482514];*
1417;[1350, 1598];[953, 1862];[953, 1482514];*
1420;[1350, 1598];[953, 1862];[953, 1482514];*
1421;[1350, 1598];[953, 1862];[953, 1482514];*
1422;[1350, 1598];[953, 1862];[953, 1482514];*
1423;[1350, 1598];[953, 1862];[953, 1482514];*
1424;[1350, 1598];[953, 1862];[953, 1482514];*
1427;[1350, 1598];[953, 1862];[953, 1482514];*
1428;[1350, 1598];[953, 1862];[953, 1482514];*
1433;[1350, 1598];[953, 1862];[953, 1482514];*
1436;[1350, 1598];[953, 1862];[953, 1482514];*
1438;[1350, 1598];[953, 1862];[953, 1482514];*
1444;[1350, 1598];[953, 1862];[953, 1482514];*
1445;[1350, 1598];[953, 1862];[953, 1482514];*
1447;[1350, 1598];[953, 1862];[953, 1482514];*
1449;[1350, 1598];[953, 1862];[953, 1482514];*
1453;[1350, 1598];[953, 1862];[953, 1482514];*
1454;[1350, 1598];[953, 1862];[953, 1482514];*
1455;[1350, 1598];[953, 1862];[953, 1482514];*
1456;[1350, 1598];[953, 1862];[953, 1482514];*
1457;[1350, 1598];[953, 1862];[953, 1482514];*
1458;[1350, 1598];[953, 1862];[953, 1482514];*
1459;[1350, 1598];[953, 1862];[953, 1482514];*
1461;[1350, 1598];[953, 1862];[953, 1482514];*
1462;[1350, 1598];[953, 1862];[953, 1482514];*
1466;[1350, 1598];[953, 1862];[953, 1482514];*
1467;[1350, 1598];[953, 1862];[953, 1482514];*
1468;[1350, 1598];[953, 1862];[953, 1482514];*
1477;[1350, 1598];[953, 1862];[953, 1482514];*
1479;[1350, 1598];[953, 1862];[953, 1482514];*
1480;[1350, 1598];[953, 1862];[953, 1482514];*
1482;[1350, 1598];[953, 1862];[953, 1482514];*
1486;[1350, 1598];[953, 1862];[953, 1482514];*
1487;[1350, 1598];[953, 1862];[953, 1482514];*
1489;[1350, 1598];[953, 1862];[953, 1482514];*
1491;[1350, 1598];[953, 1862];[953, 1482514];*
1494;[1350, 1598];[953, 1862];[953, 1482514];*
1495;[1350, 1598];[953, 1862];[953, 1482514];*
1497;[1350, 1598];[953, 1862];[953, 1482514];*
1498;[1350, 1598];[953, 1862];[953, 1482514];*
1499;[1350, 1598];[953, 1862];[953, 1482514];*
1500;[1350, 1598];[953, 1862];[953, 1482514];*
1503;[1350, 1598];[953, 1862];[953, 1482514];*
1505;[1350, 1598];[953, 1862];[953, 1482514];*
1507;[1350, 1598];[953, 1862];[953, 1482514];*
1508;[1350, 1598];[953, 1862];[953, 1482514];*
1512;[1350, 1598];[953, 1862];[953, 1482514];*
1514;[1350, 1598];[953, 1862];[953, 1482514];*
1515;[1350, 1598];[953, 1862];[953, 1482514];*
1517;[1350, 1598];[953, 1862];[953, 1482514];*
1527;[1350, 1598];[953, 1862];[953, 1482514];*
1529;[1350, 1598];[953, 1862];[953, 1482514];*
1531;[1350, 1598];[953, 1862];[953, 1482514];*
1538;[1350, 1598];[953, 1862];[953, 1482514];*
1542;[1350, 1598];[953, 1862];[953, 1482514];*
1543;[1350, 1598];[953, 1862];[953, 1482514];*
1544;[1350, 1598];[953, 1862];[953, 1482514];*
1548;[1350, 1598];[953, 1862];[953, 1482514];*
1549;[1350, 1598];[953, 1862];[953, 1482514];*
1551;[1350, 1598];[953, 1862];[953, 1482514];*
1553;[1350, 1598];[953, 1862];[953, 1482514];*
1557;[1350, 1598];[953, 1862];[953, 1482514];*
1561;[1350, 1598];[953, 1862];[953, 1482514];*
1565;[1350, 1598];[953, 1862];[953, 1482514];*
1571;[1350, 1598];[953, 1862];[953, 1482514];*
1574;[1350, 1598];[953, 1862];[953, 1482514];*
1575;[1350, 1598];[953, 1862];[953, 1482514];*
1585;[1350, 1598];[953, 1862];[953, 1482514];*
1586;[1350, 1598];[953, 1862];[953, 1482514];*
1588;[1350, 1598];[953, 1862];[953, 1482514];*
1589;[1350, 1598];[953, 1862];[953, 1482514];*
1593;[1350, 1598];[953, 1862];[953, 1482514];*
1598;[1350, 1598];[953, 1862];[953, 1482514];*
1601;[1601, 1862];[953, 1862];[953, 1482514];*
1603;[1601, 1862];[953, 1862];[953, 1482514];*
1606;[1601, 1862];[953, 1862];[953, 1482514];*
1608;[1601, 1862];[953, 1862];[953, 1482514];*
1613;[1601, 1862];[953, 1862];[953, 1482514];*
1614;[1601, 1862];[953, 1862];[953, 1482514];*
1617;[1601, 1862];[953, 1862];[953, 1482514];*
1622;[1601, 1862];[953, 1862];[953, 1482514];*
1624;[1601, 1862];[953, 1862];[953, 1482514];*
1625;[1601, 1862];[953, 1862];[953, 1482514];*
1626;[1601, 1862];[953, 1862];[953, 1482514];*
1627;[1601, 1862];[953, 1862];[953, 1482514];*
1629;[1601, 1862];[953, 1862];[953, 1482514];*
1630;[1601, 1862];[953, 1862];[953, 1482514];*
1632;[1601, 1862];[953, 1862];[953, 1482514];*
1635;[1601, 1862];[953, 1862];[953, 1482514];*
1639;[1601, 1862];[953, 1862];[953, 1482514];*
1641;[1601, 1862];[953, 1862];[953, 1482514];*
1642;[1601, 1862];[953, 1862];[953, 1482514];*
1645;[1601, 1862];[953, 1862];[953, 1482514];*
1647;[1601, 1862];[953, 1862];[953, 1482514];*
1648;[1601, 1862];[953, 1862];[953, 1482514];*
1650;[1601, 1862];[953, 1862];[953, 1482514];*
1656;[1601, 1862];[953, 1862];[953, 1482514];*
1668;[1601, 1862];[953, 1862];[953, 1482514];*
1669;[1601, 1862];[953, 1862];[953, 1482514];*
1671;[1601, 1862];[953, 1862];[953, 1482514];*
1672;[1601, 1862];[953, 1862];[953, 1482514];*
1674;[1601, 1862];[953, 1862];[953, 1482514];*
1679;[1601, 1862];[953, 1862];[953, 1482514];*
1681;[1601, 1862];[953, 1862];[953, 1482514];*
1683;[1601, 1862];[953, 1862];[953, 1482514];*
1684;[1601, 1862];[953, 1862];[953, 1482514];*
1687;[1601, 1862];[953, 1862];[953, 1482514];*
1689;[1601, 1862];[953, 1862];[953, 1482514];*
1690;[1601, 1862];[953, 1862];[953, 1482514];*
1691;[1601, 1862];[953, 1862];[953, 1482514];*
1700;[1601, 1862];[953, 1862];[953, 1482514];*
1706;[1601, 1862];[953, 1862];[953, 1482514];*
1707;[1601, 1862];[953, 1862];[953, 1482514];*
1709;[1601, 1862];[953, 1862];[953, 1482514];*
1716;[1601, 1862];[953, 1862];[953, 1482514];*
1718;[1601, 1862];[953, 1862];[953, 1482514];*
1721;[1601, 1862];[953, 1862];[953, 1482514];*
1727;[1601, 1862];[953, 1862];[953, 1482514];*
1730;[1601, 1862];[953, 1862];[953, 1482514];*
1734;[1601, 1862];[953, 1862];[953, 1482514];*
1735;[1601, 1862];[953, 1862];[953, 1482514];*
1736;[1601, 1862];[953, 1862];[953, 1482514];*
1738;[1601, 1862];[953, 1862];[953, 1482514];*
1739;[1601, 1862];[953, 1862];[953, 1482514];*
1751;[1601, 1862];[953, 1862];[953, 1482514];*
1755;[1601, 1862];[953, 1862];[953, 1482514];*
1756;[1601, 1862];[953, 1862];[953, 1482514];*
1759;[1601, 1862];[953, 1862];[953, 1482514];*
1760;[1601, 1862];[953, 1862];[953, 1482514];*
1762;[1601, 1862];[953, 1862];[953, 1482514];*
1766;[1601, 1862];[953, 1862];[953, 1482514];*
1769;[1601, 1862];[953, 1862];[953, 1482514];*
1771;[1601, 1862];[953, 1862];[953, 1482514];*
1776;[1601, 1862];[953, 1862];[953, 1482514];*
1778;[1601, 1862];[953, 1862];[953, 1482514];*
1780;[1601, 1862];[953, 1862];[953, 1482514];*
1782;[1601, 1862];[953, 1862];[953, 1482514];*
1785;[1601, 1862];[953, 1862];[953, 1482514];*
1793;[1601, 1862];[953, 1862];[953, 1482514];*
1799;[1601, 1862];[953, 1862];[953, 1482514];*
1800;[1601, 1862];[953, 1862];[953, 1482514];*
1804;[1601, 1862];[953, 1862];[953, 1482514];*
1808;[1601, 1862];[953, 1862];[953, 1482514];*
1809;[1601, 1862];[953, 1862];[953, 1482514];*
1810;[1601, 1862];[953, 1862];[953, 1482514];*
1811;[1601, 1862];[953, 1862];[953, 1482514];*
1812;[1601, 1862];[953, 1862];[953, 1482514];*
1813;[1601, 1862];[953, 1862];[953, 1482514];*
1815;[1601, 1862];[953, 1862];[953, 1482514];*
1817;[1601, 1862];[953, 1862];[953, 1482514];*
1818;[1601, 1862];[953, 1862];[953, 1482514];*
1820;[1601, 1862];[953, 1862];[953, 1482514];*
1822;[1601, 1862];[953, 1862];[953, 1482514];*
1824;[1601, 1862];[953, 1862];[953, 1482514];*
1825;[1601, 1862];[953, 1862];[953, 1482514];*
1830;[1601, 1862];[953, 1862];[953, 1482514];*
1847;[1601, 1862];[953, 1862];[953, 1482514];*
1848;[1601, 1862];[953, 1862];[953, 1482514];*
1849;[1601, 1862];[953, 1862];[953, 1482514];*
1851;[1601, 1862];[953, 1862];[953, 1482514];*
1853;[1601, 1862];[953, 1862];[953, 1482514];*
1856;[1601, 1862];[953, 1862];[953, 1482514];*
1858;[1601, 1862];[953, 1862];[953, 1482514];*
1862;[1601, 1862];[953, 1862];[953, 1482514];*
1868;[1868, 2281];[1868, 4400];[953, 1482514];*
1872;[1868, 2281];[1868, 4400];[953, 1482514];*
1875;[1868, 2281];[1868, 4400];[953, 1482514];*
1881;[1868, 2281];[1868, 4400];[953, 1482514];*
1883;[1868, 2281];[1868, 4400];[953, 1482514];*
1895;[1868, 2281];[1868, 4400];[953, 1482514];*
1898;[1868, 2281];[1868, 4400];[953, 1482514];*
1901;[1868, 2281];[1868, 4400];[953, 1482514];*
1902;[1868, 2281];[1868, 4400];[953, 1482514];*
1903;[1868, 2281];[1868, 4400];[953, 1482514];*
1906;[1868, 2281];[1868, 4400];[953, 1482514];*
1907;[1868, 2281];[1868, 4400];[953, 1482514];*
1908;[1868, 2281];[1868, 4400];[953, 1482514];*
1909;[1868, 2281];[1868, 4400];[953, 1482514];*
1911;[1868, 2281];[1868, 4400];[953, 1482514];*
1913;[1868, 2281];[1868, 4400];[953, 1482514];*
1914;[1868, 2281];[1868, 4400];[953, 1482514];*
1916;[1868, 2281];[1868, 4400];[953, 1482514];*
1918;[1868, 2281];[1868, 4400];[953, 1482514];*
1919;[1868, 2281];[1868, 4400];[953, 1482514];*
1920;[1868, 2281];[1868, 4400];[953, 1482514];*
1930;[1868, 2281];[1868, 4400];[953, 1482514];*
1932;[1868, 2281];[1868, 4400];[953, 1482514];*
1934;[1868, 2281];[1868, 4400];[953, 1482514];*
1945;[1868, 2281];[1868, 4400];[953, 1482514];*
1952;[1868, 2281];[1868, 4400];[953, 1482514];*
1962;[1868, 2281];[1868, 4400];[953, 1482514];*
1964;[1868, 2281];[1868, 4400];[953, 1482514];*
1978;[1868, 2281];[1868, 4400];[953, 1482514];*
1981;[1868, 2281];[1868, 4400];[953, 1482514];*
1983;[1868, 2281];[1868, 4400];[953, 1482514];*
1984;[1868, 2281];[1868, 4400];[953, 1482514];*
1987;[1868, 2281];[1868, 4400];[953, 1482514];*
1989;[1868, 2281];[1868, 4400];[953, 1482514];*
1993;[1868, 2281];[1868, 4400];[953, 1482514];*
1994;[1868, 2281];[1868, 4400];[953, 1482514];*
1996;[1868, 2281];[1868, 4400];[953, 1482514];*
2000;[1868, 2281];[1868, 4400];[953, 1482514];*
2002;[1868, 2281];[1868, 4400];[953, 1482514];*
2004;[1868, 2281];[1868, 4400];[953, 1482514];*
2006;[1868, 2281];[1868, 4400];[953, 1482514];*
2016;[1868, 2281];[1868, 4400];[953, 1482514];*
2042;[1868, 2281];[1868, 4400];[953, 1482514];*
2043;[1868, 2281];[1868, 4400];[953, 1482514];*
2044;[1868, 2281];[1868, 4400];[953, 1482514];*
2047;[1868, 2281];[1868, 4400];[953, 1482514];*
2049;[1868, 2281];[1868, 4400];[953, 1482514];*
2052;[1868, 2281];[1868, 4400];[953, 1482514];*
2054;[1868, 2281];[1868, 4400];[953, 1482514];*
2055;[1868, 2281];[1868, 4400];[953, 1482514];*
2068;[1868, 2281];[1868, 4400];[953, 1482514];*
2071;[1868, 2281];[1868, 4400];[953, 1482514];*
2083;[1868, 2281];[1868, 4400];[953, 1482514];*
2090;[1868, 2281];[1868, 4400];[953, 1482514];*
2093;[1868, 2281];[1868, 4400];[953, 1482514];*
2118;[1868, 2281];[1868, 4400];[953, 1482514];*
2122;[1868, 2281];[1868, 4400];[953, 1482514];*
2124;[1868, 2281];[1868, 4400];[953, 1482514];*
2128;[1868, 2281];[1868, 4400];[953, 1482514];*
2134;[1868, 2281];[1868, 4400];[953, 1482514];*
2139;[1868, 2281];[1868, 4400];[953, 1482514];*
2146;[1868, 2281];[1868, 4400];[953, 1482514];*
2153;[1868, 2281];[1868, 4400];[953, 1482514];*
2155;[1868, 2281];[1868, 4400];[953, 1482514];*
2160;[1868, 2281];[1868, 4400];[953, 1482514];*
2170;[1868, 2281];[1868, 4400];[953, 1482514];*
2174;[1868, 2281];[1868, 4400];[953, 1482514];*
2184;[1868, 2281];[1868, 4400];[953, 1482514];*
2185;[1868, 2281];[1868, 4400];[953, 1482514];*
2198;[1868, 2281];[1868, 4400];[953, 1482514];*
2199;[1868, 2281];[1868, 4400];[953, 1482514];*
2200;[1868, 2281];[1868, 4400];[953, 1482514];*
2204;[1868, 2281];[1868, 4400];[953, 1482514];*
2215;[1868, 2281];[1868, 4400];[953, 1482514];*
2217;[1868, 2281];[1868, 4400];[953, 1482514];*
2222;[1868, 2281];[1868, 4400];[953, 1482514];*
2229;[1868, 2281];[1868, 4400];[953, 1482514];*
2230;[1868, 2281];[1868, 4400];[953, 1482514];*
2231;[1868, 2281];[1868, 4400];[953, 1482514];*
2234;[1868, 2281];[1868, 4400];[953, 1482514];*
2243;[1868, 2281];[1868, 4400];[953, 1482514];*
2244;[1868, 2281];[1868, 4400];[953, 1482514];*
2247;[1868, 2281];[1868, 4400];[953, 1482514];*
2251;[1868, 2281];[1868, 4400];[953, 1482514];*
2253;[1868, 2281];[1868, 4400];[953, 1482514];*
2254;[1868, 2281];[1868, 4400];[953, 1482514];*
2259;[1868, 2281];[1868, 4400];[953, 1482514];*
2263;[1868, 2281];[1868, 4400];[953, 1482514];*
2265;[1868, 2281];[1868, 4400];[953, 1482514];*
2268;[1868, 2281];[1868, 4400];[953, 1482514];*
2281;[1868, 2281];[1868, 4400];[953, 1482514];*
2289;[2289, 2731];[1868, 4400];[953, 1482514];*
2297;[2289, 2731];[1868, 4400];[953, 1482514];*
2313;[2289, 2731];[1868, 4400];[953, 1482514];*
2315;[2289, 2731];[1868, 4400];[953, 1482514];*
2324;[2289, 2731];[1868, 4400];[953, 1482514];*
2328;[2289, 2731];[1868, 4400];[953, 1482514];*
2344;[2289, 2731];[1868, 4400];[953, 1482514];*
2348;[2289, 2731];[1868, 4400];[953, 1482514];*
2349;[2289, 2731];[1868, 4400];[953, 1482514];*
2356;[2289, 2731];[1868, 4400];[953, 1482514];*
2357;[2289, 2731];[1868, 4400];[953, 1482514];*
2359;[2289, 2731];[1868, 4400];[953, 1482514];*
2365;[2289, 2731];[1868, 4400];[953, 1482514];*
2372;[2289, 2731];[1868, 4400];[953, 1482514];*
2373;[2289, 2731];[1868, 4400];[953, 1482514];*
2375;[2289, 2731];[1868, 4400];[953, 1482514];*
2389;[2289, 2731];[1868, 4400];[953, 1482514];*
2401;[2289, 2731];[1868, 4400];[953, 1482514];*
2420;[2289, 2731];[1868, 4400];[953, 1482514];*
2426;[2289, 2731];[1868, 4400];[953, 1482514];*
2429;[2289, 2731];[1868, 4400];[953, 1482514];*
2431;[2289, 2731];[1868, 4400];[953, 1482514];*
2434;[2289, 2731];[1868, 4400];[953, 1482514];*
2441;[2289, 2731];[1868, 4400];[953, 1482514];*
2447;[2289, 2731];[1868, 4400];[953, 1482514];*
2448;[2289, 2731];[1868, 4400];[953, 1482514];*
2450;[2289, 2731];[1868, 4400];[953, 1482514];*
2452;[2289, 2731];[1868, 4400];[953, 1482514];*
2454;[2289, 2731];[1868, 4400];[953, 1482514];*
2458;[2289, 2731];[1868, 4400];[953, 1482514];*
2470;[2289, 2731];[1868, 4400];[953, 1482514];*
2471;[2289, 2731];[1868, 4400];[953, 1482514];*
2473;[2289, 2731];[1868, 4400];[953, 1482514];*
2474;[2289, 2731];[1868, 4400];[953, 1482514];*
2494;[2289, 2731];[1868, 4400];[953, 1482514];*
2501;[2289, 2731];[1868, 4400];[953, 1482514];*
2503;[2289, 2731];[1868, 4400];[953, 1482514];*
2508;[2289, 2731];[1868, 4400];[953, 1482514];*
2509;[2289, 2731];[1868, 4400];[953, 1482514];*
2510;[2289, 2731];[1868, 4400];[953, 1482514];*
2519;[2289, 2731];[1868, 4400];[953, 1482514];*
2522;[2289, 2731];[1868, 4400];[953, 1482514];*
2523;[2289, 2731];[1868, 4400];[953, 1482514];*
2525;[2289, 2731];[1868, 4400];[953, 1482514];*
2527;[2289, 2731];[1868, 4400];[953, 1482514];*
2529;[2289, 2731];[1868, 4400];[953, 1482514];*
2532;[2289, 2731];[1868, 4400];[953, 1482514];*
2535;[2289, 2731];[1868, 4400];[953, 1482514];*
2541;[2289, 2731];[1868, 4400];[953, 1482514];*
2542;[2289, 2731];[1868, 4400];[953, 1482514];*
2543;[2289, 2731];[1868, 4400];[953, 1482514];*
2546;[2289, 2731];[1868, 4400];[953, 1482514];*
2547;[2289, 2731];[1868, 4400];[953, 1482514];*
2549;[2289, 2731];[1868, 4400];[953, 1482514];*
2550;[2289, 2731];[1868, 4400];[953, 1482514];*
2561;[2289, 2731];[1868, 4400];[953, 1482514];*
2568;[2289, 2731];[1868, 4400];[953, 1482514];*
2570;[2289, 2731];[1868, 4400];[953, 1482514];*
2572;[2289, 2731];[1868, 4400];[953, 1482514];*
2580;[2289, 2731];[1868, 4400];[953, 1482514];*
2581;[2289, 2731];[1868, 4400];[953, 1482514];*
2594;[2289, 2731];[1868, 4400];[953, 1482514];*
2595;[2289, 2731];[1868, 4400];[953, 1482514];*
2601;[2289, 2731];[1868, 4400];[953, 1482514];*
2603;[2289, 2731];[1868, 4400];[953, 1482514];*
2606;[2289, 2731];[1868, 4400];[953, 1482514];*
2610;[2289, 2731];[1868, 4400];[953, 1482514];*
2612;[2289, 2731];[1868, 4400];[953, 1482514];*
2614;[2289, 2731];[1868, 4400];[953, 1482514];*
2618;[2289, 2731];[1868, 4400];[953, 1482514];*
2624;[2289, 2731];[1868, 4400];[953, 1482514];*
2626;[2289, 2731];[1868, 4400];[953, 1482514];*
2631;[2289, 2731];[1868, 4400];[953, 1482514];*
2653;[2289, 2731];[1868, 4400];[953, 1482514];*
2654;[2289, 2731];[1868, 4400];[953, 1482514];*
2655;[2289, 2731];[1868, 4400];[953, 1482514];*
2657;[2289, 2731];[1868, 4400];[953, 1482514];*
2670;[2289, 2731];[1868, 4400];[953, 1482514];*
2677;[2289, 2731];[1868, 4400];[953, 1482514];*
2680;[2289, 2731];[1868, 4400];[953, 1482514];*
2690;[2289, 2731];[1868, 4400];[953, 1482514];*
2694;[2289, 2731];[1868, 4400];[953, 1482514];*
2697;[2289, 2731];[1868, 4400];[953, 1482514];*
2702;[2289, 2731];[1868, 4400];[953, 1482514];*
2714;[2289, 2731];[1868, 4400];[953, 1482514];*
2717;[2289, 2731];[1868, 4400];[953, 1482514];*
2718;[2289, 2731];[1868, 4400];[953, 1482514];*
2721;[2289, 2731];[1868, 4400];[953, 1482514];*
2722;[2289, 2731];[1868, 4400];[953, 1482514];*
2729;[2289, 2731];[1868, 4400];[953, 1482514];*
2731;[2289, 2731];[1868, 4400];[953, 1482514];*
2740;[2740, 3384];[1868, 4400];[953, 1482514];*
2745;[2740, 3384];[1868, 4400];[953, 1482514];*
2747;[2740, 3384];[1868, 4400];[953, 1482514];*
2748;[2740, 3384];[1868, 4400];[953, 1482514];*
2761;[2740, 3384];[1868, 4400];[953, 1482514];*
2763;[2740, 3384];[1868, 4400];[953, 1482514];*
2770;[2740, 3384];[1868, 4400];[953, 1482514];*
2773;[2740, 3384];[1868, 4400];[953, 1482514];*
2777;[2740, 3384];[1868, 4400];[953, 1482514];*
2800;[2740, 3384];[1868, 4400];[953, 1482514];*
2813;[2740, 3384];[1868, 4400];[953, 1482514];*
2819;[2740, 3384];[1868, 4400];[953, 1482514];*
2823;[2740, 3384];[1868, 4400];[953, 1482514];*
2846;[2740, 3384];[1868, 4400];[953, 1482514];*
2848;[2740, 3384];[1868, 4400];[953, 1482514];*
2855;[2740, 3384];[1868, 4400];[953, 1482514];*
2859;[2740, 3384];[1868, 4400];[953, 1482514];*
2872;[2740, 3384];[1868, 4400];[953, 1482514];*
2874;[2740, 3384];[1868, 4400];[953, 1482514];*
2875;[2740, 3384];[1868, 4400];[953, 1482514];*
2886;[2740, 3384];[1868, 4400];[953, 1482514];*
2888;[2740, 3384];[1868, 4400];[953, 1482514];*
2891;[2740, 3384];[1868, 4400];[953, 1482514];*
2896;[2740, 3384];[1868, 4400];[953, 1482514];*
2898;[2740, 3384];[1868, 4400];[953, 1482514];*
2902;[2740, 3384];[1868, 4400];[953, 1482514];*
2908;[2740, 3384];[1868, 4400];[953, 1482514];*
2922;[2740, 3384];[1868, 4400];[953, 1482514];*
2929;[2740, 3384];[1868, 4400];[953, 1482514];*
2945;[2740, 3384];[1868, 4400];[953, 1482514];*
2953;[2740, 3384];[1868, 4400];[953, 1482514];*
2962;[2740, 3384];[1868, 4400];[953, 1482514];*
2979;[2740, 3384];[1868, 4400];[953, 1482514];*
2982;[2740, 3384];[1868, 4400];[953, 1482514];*
2985;[2740, 3384];[1868, 4400];[953, 1482514];*
2994;[2740, 3384];[1868, 4400];[953, 1482514];*
3036;[2740, 3384];[1868, 4400];[953, 1482514];*
3038;[2740, 3384];[1868, 4400];[953, 1482514];*
3041;[2740, 3384];[1868, 4400];[953, 1482514];*
3044;[2740, 3384];[1868, 4400];[953, 1482514];*
3056;[2740, 3384];[1868, 4400];[953, 1482514];*
3060;[2740, 3384];[1868, 4400];[953, 1482514];*
3088;[2740, 3384];[1868, 4400];[953, 1482514];*
3095;[2740, 3384];[1868, 4400];[953, 1482514];*
3096;[2740, 3384];[1868, 4400];[953, 1482514];*
3099;[2740, 3384];[1868, 4400];[953, 1482514];*
3100;[2740, 3384];[1868, 4400];[953, 1482514];*
3103;[2740, 3384];[1868, 4400];[953, 1482514];*
3111;[2740, 3384];[1868, 4400];[953, 1482514];*
3119;[2740, 3384];[1868, 4400];[953, 1482514];*
3120;[2740, 3384];[1868, 4400];[953, 1482514];*
3128;[2740, 3384];[1868, 4400];[953, 1482514];*
3129;[2740, 3384];[1868, 4400];[953, 1482514];*
3136;[2740, 3384];[1868, 4400];[953, 1482514];*
3137;[2740, 3384];[1868, 4400];[953, 1482514];*
3138;[2740, 3384];[1868, 4400];[953, 1482514];*
3140;[2740, 3384];[1868, 4400];[953, 1482514];*
3148;[2740, 3384];[1868, 4400];[953, 1482514];*
3161;[2740, 3384];[1868, 4400];[953, 1482514];*
3164;[2740, 3384];[1868, 4400];[953, 1482514];*
3167;[2740, 3384];[1868, 4400];[953, 1482514];*
3168;[2740, 3384];[1868, 4400];[953, 1482514];*
3179;[2740, 3384];[1868, 4400];[953, 1482514];*
3180;[2740, 3384];[1868, 4400];[953, 1482514];*
3195;[2740, 3384];[1868, 4400];[953, 1482514];*
3203;[2740, 3384];[1868, 4400];[953, 1482514];*
3216;[2740, 3384];[1868, 4400];[953, 1482514];*
3219;[2740, 3384];[1868, 4400];[953, 1482514];*
3232;[2740, 3384];[1868, 4400];[953, 1482514];*
3242;[2740, 3384];[1868, 4400];[953, 1482514];*
3245;[2740, 3384];[1868, 4400];[953, 1482514];*
3251;[2740, 3384];[1868, 4400];[953, 1482514];*
3259;[2740, 3384];[1868, 4400];[953, 1482514];*
3262;[2740, 3384];[1868, 4400];[953, 1482514];*
3263;[2740, 3384];[1868, 4400];[953, 1482514];*
3270;[2740, 3384];[1868, 4400];[953, 1482514];*
3288;[2740, 3384];[1868, 4400];[953, 1482514];*
3291;[2740, 3384];[1868, 4400];[953, 1482514];*
3302;[2740, 3384];[1868, 4400];[953, 1482514];*
3311;[2740, 3384];[1868, 4400];[953, 1482514];*
3319;[2740, 3384];[1868, 4400];[953, 1482514];*
3327;[2740, 3384];[1868, 4400];[953, 1482514];*
3328;[2740, 3384];[1868, 4400];[953, 1482514];*
3343;[2740, 3384];[1868, 4400];[953, 1482514];*
3354;[2740, 3384];[1868, 4400];[953, 1482514];*
3356;[2740, 3384];[1868, 4400];[953, 1482514];*
3357;[2740, 3384];[1868, 4400];[953, 1482514];*
3361;[2740, 3384];[1868, 4400];[953, 1482514];*
3365;[2740, 3384];[1868, 4400];[953, 1482514];*
3373;[2740, 3384];[1868, 4400];[953, 1482514];*
3384;[2740, 3384];[1868, 4400];[953, 1482514];*
3385;[3385, 4400];[1868, 4400];[953, 1482514];*
3395;[3385, 4400];[1868, 4400];[953, 1482514];*
3399;[3385, 4400];[1868, 4400];[953, 1482514];*
3419;[3385, 4400];[1868, 4400];[953, 1482514];*
3433;[3385, 4400];[1868, 4400];[953, 1482514];*
3447;[3385, 4400];[1868, 4400];[953, 1482514];*
3448;[3385, 4400];[1868, 4400];[953, 1482514];*
3457;[3385, 4400];[1868, 4400];[953, 1482514];*
3461;[3385, 4400];[1868, 4400];[953, 1482514];*
3467;[3385, 4400];[1868, 4400];[953, 1482514];*
3472;[3385, 4400];[1868, 4400];[953, 1482514];*
3481;[3385, 4400];[1868, 4400];[953, 1482514];*
3489;[3385, 4400];[1868, 4400];[953, 1482514];*
3501;[3385, 4400];[1868, 4400];[953, 1482514];*
3504;[3385, 4400];[1868, 4400];[953, 1482514];*
3514;[3385, 4400];[1868, 4400];[953, 1482514];*
3528;[3385, 4400];[1868, 4400];[953, 1482514];*
3542;[3385, 4400];[1868, 4400];[953, 1482514];*
3567;[3385, 4400];[1868, 4400];[953, 1482514];*
3568;[3385, 4400];[1868, 4400];[953, 1482514];*
3575;[3385, 4400];[1868, 4400];[953, 1482514];*
3596;[3385, 4400];[1868, 4400];[953, 1482514];*
3634;[3385, 4400];[1868, 4400];[953, 1482514];*
3649;[3385, 4400];[1868, 4400];[953, 1482514];*
3657;[3385, 4400];[1868, 4400];[953, 1482514];*
3661;[3385, 4400];[1868, 4400];[953, 1482514];*
3664;[3385, 4400];[1868, 4400];[953, 1482514];*
3676;[3385, 4400];[1868, 4400];[953, 1482514];*
3685;[3385, 4400];[1868, 4400];[953, 1482514];*
3691;[3385, 4400];[1868, 4400];[953, 1482514];*
3693;[3385, 4400];[1868, 4400];[953, 1482514];*
3702;[3385, 4400];[1868, 4400];[953, 1482514];*
3710;[3385, 4400];[1868, 4400];[953, 1482514];*
3711;[3385, 4400];[1868, 4400];[953, 1482514];*
3730;[3385, 4400];[1868, 4400];[953, 1482514];*
3731;[3385, 4400];[1868, 4400];[953, 1482514];*
3746;[3385, 4400];[1868, 4400];[953, 1482514];*
3755;[3385, 4400];[1868, 4400];[953, 1482514];*
3760;[3385, 4400];[1868, 4400];[953, 1482514];*
3762;[3385, 4400];[1868, 4400];[953, 1482514];*
3774;[3385, 4400];[1868, 4400];[953, 1482514];*
3799;[3385, 4400];[1868, 4400];[953, 1482514];*
3811;[3385, 4400];[1868, 4400];[953, 1482514];*
3879;[3385, 4400];[1868, 4400];[953, 1482514];*
3882;[3385, 4400];[1868, 4400];[953, 1482514];*
3885;[3385, 4400];[1868, 4400];[953, 1482514];*
3889;[3385, 4400];[1868, 4400];[953, 1482514];*
3903;[3385, 4400];[1868, 4400];[953, 1482514];*
3914;[3385, 4400];[1868, 4400];[953, 1482514];*
3917;[3385, 4400];[1868, 4400];[953, 1482514];*
3922;[3385, 4400];[1868, 4400];[953, 1482514];*
3933;[3385, 4400];[1868, 4400];[953, 1482514];*
3949;[3385, 4400];[1868, 4400];[953, 1482514];*
3950;[3385, 4400];[1868, 4400];[953, 1482514];*
3952;[3385, 4400];[1868, 4400];[953, 1482514];*
3964;[3385, 4400];[1868, 4400];[953, 1482514];*
3965;[3385, 4400];[1868, 4400];[953, 1482514];*
3990;[3385, 4400];[1868, 4400];[953, 1482514];*
3995;[3385, 4400];[1868, 4400];[953, 1482514];*
4007;[3385, 4400];[1868, 4400];[953, 1482514];*
4024;[3385, 4400];[1868, 4400];[953, 1482514];*
4033;[3385, 4400];[1868, 4400];[953, 1482514];*
4042;[3385, 4400];[1868, 4400];[953, 1482514];*
4045;[3385, 4400];[1868, 4400];[953, 1482514];*
4047;[3385, 4400];[1868, 4400];[953, 1482514];*
4052;[3385, 4400];[1868, 4400];[953, 1482514];*
4067;[3385, 4400];[1868, 4400];[953, 1482514];*
4069;[3385, 4400];[1868, 4400];[953, 1482514];*
4074;[3385, 4400];[1868, 4400];[953, 1482514];*
4078;[3385, 4400];[1868, 4400];[953, 1482514];*
4081;[3385, 4400];[1868, 4400];[953, 1482514];*
4096;[3385, 4400];[1868, 4400];[953, 1482514];*
4119;[3385, 4400];[1868, 4400];[953, 1482514];*
4125;[3385, 4400];[1868, 4400];[953, 1482514];*
4137;[3385, 4400];[1868, 4400];[953, 1482514];*
4138;[3385, 4400];[1868, 4400];[953, 1482514];*
4170;[3385, 4400];[1868, 4400];[953, 1482514];*
4179;[3385, 4400];[1868, 4400];[953, 1482514];*
4185;[3385, 4400];[1868, 4400];[953, 1482514];*
4188;[3385, 4400];[1868, 4400];[953, 1482514];*
4202;[3385, 4400];[1868, 4400];[953, 1482514];*
4276;[3385, 4400];[1868, 4400];[953, 1482514];*
4299;[3385, 4400];[1868, 4400];[953, 1482514];*
4308;[3385, 4400];[1868, 4400];[953, 1482514];*
4316;[3385, 4400];[1868, 4400];[953, 1482514];*
4322;[3385, 4400];[1868, 4400];[953, 1482514];*
4349;[3385, 4400];[1868, 4400];[953, 1482514];*
4354;[3385, 4400];[1868, 4400];[953, 1482514];*
4385;[3385, 4400];[1868, 4400];[953, 1482514];*
4387;[3385, 4400];[1868, 4400];[953, 1482514];*
4400;[3385, 4400];[1868, 4400];[953, 1482514];*
4416;[4416, 5830];[4416, 1482514];[953, 1482514];*
4421;[4416, 5830];[4416, 1482514];[953, 1482514];*
4426;[4416, 5830];[4416, 1482514];[953, 1482514];*
4429;[4416, 5830];[4416, 1482514];[953, 1482514];*
4442;[4416, 5830];[4416, 1482514];[953, 1482514];*
4444;[4416, 5830];[4416, 1482514];[953, 1482514];*
4486;[4416, 5830];[4416, 1482514];[953, 1482514];*
4487;[4416, 5830];[4416, 1482514];[953, 1482514];*
4492;[4416, 5830];[4416, 1482514];[953, 1482514];*
4494;[4416, 5830];[4416, 1482514];[953, 1482514];*
4506;[4416, 5830];[4416, 1482514];[953, 1482514];*
4515;[4416, 5830];[4416, 1482514];[953, 1482514];*
4526;[4416, 5830];[4416, 1482514];[953, 1482514];*
4557;[4416, 5830];[4416, 1482514];[953, 1482514];*
4566;[4416, 5830];[4416, 1482514];[953, 1482514];*
4585;[4416, 5830];[4416, 1482514];[953, 1482514];*
4599;[4416, 5830];[4416, 1482514];[953, 1482514];*
4605;[4416, 5830];[4416, 1482514];[953, 1482514];*
4628;[4416, 5830];[4416, 1482514];[953, 1482514];*
4635;[4416, 5830];[4416, 1482514];[953, 1482514];*
4639;[4416, 5830];[4416, 1482514];[953, 1482514];*
4679;[4416, 5830];[4416, 1482514];[953, 1482514];*
4688;[4416, 5830];[4416, 1482514];[953, 1482514];*
4725;[4416, 5830];[4416, 1482514];[953, 1482514];*
4738;[4416, 5830];[4416, 1482514];[953, 1482514];*
4767;[4416, 5830];[4416, 1482514];[953, 1482514];*
4782;[4416, 5830];[4416, 1482514];[953, 1482514];*
4836;[4416, 5830];[4416, 1482514];[953, 1482514];*
4841;[4416, 5830];[4416, 1482514];[953, 1482514];*
4886;[4416, 5830];[4416, 1482514];[953, 1482514];*
4899;[4416, 5830];[4416, 1482514];[953, 1482514];*
4915;[4416, 5830];[4416, 1482514];[953, 1482514];*
4918;[4416, 5830];[4416, 1482514];[953, 1482514];*
4921;[4416, 5830];[4416, 1482514];[953, 1482514];*
4935;[4416, 5830];[4416, 1482514];[953, 1482514];*
4942;[4416, 5830];[4416, 1482514];[953, 1482514];*
4952;[4416, 5830];[4416, 1482514];[953, 1482514];*
4961;[4416, 5830];[4416, 1482514];[953, 1482514];*
5006;[4416, 5830];[4416, 1482514];[953, 1482514];*
5011;[4416, 5830];[4416, 1482514];[953, 1482514];*
5020;[4416, 5830];[4416, 1482514];[953, 1482514];*
5029;[4416, 5830];[4416, 1482514];[953, 1482514];*
5031;[4416, 5830];[4416, 1482514];[953, 1482514];*
5050;[4416, 5830];[4416, 1482514];[953, 1482514];*
5058;[4416, 5830];[4416, 1482514];[953, 1482514];*
5078;[4416, 5830];[4416, 1482514];[953, 1482514];*
5094;[4416, 5830];[4416, 1482514];[953, 1482514];*
5108;[4416, 5830];[4416, 1482514];[953, 1482514];*
5113;[4416, 5830];[4416, 1482514];[953, 1482514];*
5124;[4416, 5830];[4416, 1482514];[953, 1482514];*
5143;[4416, 5830];[4416, 1482514];[953, 1482514];*
5149;[4416, 5830];[4416, 1482514];[953, 1482514];*
5156;[4416, 5830];[4416, 1482514];[953, 1482514];*
5189;[4416, 5830];[4416, 1482514];[953, 1482514];*
5213;[4416, 5830];[4416, 1482514];[953, 1482514];*
5221;[4416, 5830];[4416, 1482514];[953, 1482514];*
5232;[4416, 5830];[4416, 1482514];[953, 1482514];*
5240;[4416, 5830];[4416, 1482514];[953, 1482514];*
5258;[4416, 5830];[4416, 1482514];[953, 1482514];*
5308;[4416, 5830];[4416, 1482514];[953, 1482514];*
5321;[4416, 5830];[4416, 1482514];[953, 1482514];*
5346;[4416, 5830];[4416, 1482514];[953, 1482514];*
5349;[4416, 5830];[4416, 1482514];[953, 1482514];*
5352;[4416, 5830];[4416, 1482514];[953, 1482514];*
5361;[4416, 5830];[4416, 1482514];[953, 1482514];*
5370;[4416, 5830];[4416, 1482514];[953, 1482514];*
5381;[4416, 5830];[4416, 1482514];[953, 1482514];*
5388;[4416, 5830];[4416, 1482514];[953, 1482514];*
5423;[4416, 5830];[4416, 1482514];[953, 1482514];*
5425;[4416, 5830];[4416, 1482514];[953, 1482514];*
5436;[4416, 5830];[4416, 1482514];[953, 1482514];*
5441;[4416, 5830];[4416, 1482514];[953, 1482514];*
5480;[4416, 5830];[4416, 1482514];[953, 1482514];*
5496;[4416, 5830];[4416, 1482514];[953, 1482514];*
5511;[4416, 5830];[4416, 1482514];[953, 1482514];*
5531;[4416, 5830];[4416, 1482514];[953, 1482514];*
5532;[4416, 5830];[4416, 1482514];[953, 1482514];*
5564;[4416, 5830];[4416, 1482514];[953, 1482514];*
5606;[4416, 5830];[4416, 1482514];[953, 1482514];*
5646;[4416, 5830];[4416, 1482514];[953, 1482514];*
5666;[4416, 5830];[4416, 1482514];[953, 1482514];*
5685;[4416, 5830];[4416, 1482514];[953, 1482514];*
5755;[4416, 5830];[4416, 1482514];[953, 1482514];*
5756;[4416, 5830];[4416, 1482514];[953, 1482514];*
5768;[4416, 5830];[4416, 1482514];[953, 1482514];*
5770;[4416, 5830];[4416, 1482514];[953, 1482514];*
5787;[4416, 5830];[4416, 1482514];[953, 1482514];*
5796;[4416, 5830];[4416, 1482514];[953, 1482514];*
5810;[4416, 5830];[4416, 1482514];[953, 1482514];*
5828;[4416, 5830];[4416, 1482514];[953, 1482514];*
5830;[4416, 5830];[4416, 1482514];[953, 1482514];*
5847;[5847, 8708];[4416, 1482514];[953, 1482514];*
5894;[5847, 8708];[4416, 1482514];[953, 1482514];*
5925;[5847, 8708];[4416, 1482514];[953, 1482514];*
5940;[5847, 8708];[4416, 1482514];[953, 1482514];*
5984;[5847, 8708];[4416, 1482514];[953, 1482514];*
5999;[5847, 8708];[4416, 1482514];[953, 1482514];*
6019;[5847, 8708];[4416, 1482514];[953, 1482514];*
6035;[5847, 8708];[4416, 1482514];[953, 1482514];*
6044;[5847, 8708];[4416, 1482514];[953, 1482514];*
6072;[5847, 8708];[4416, 1482514];[953, 1482514];*
6091;[5847, 8708];[4416, 1482514];[953, 1482514];*
6101;[5847, 8708];[4416, 1482514];[953, 1482514];*
6229;[5847, 8708];[4416, 1482514];[953, 1482514];*
6254;[5847, 8708];[4416, 1482514];[953, 1482514];*
6292;[5847, 8708];[4416, 1482514];[953, 1482514];*
6294;[5847, 8708];[4416, 1482514];[953, 1482514];*
6350;[5847, 8708];[4416, 1482514];[953, 1482514];*
6351;[5847, 8708];[4416, 1482514];[953, 1482514];*
6390;[5847, 8708];[4416, 1482514];[953, 1482514];*
6480;[5847, 8708];[4416, 1482514];[953, 1482514];*
6489;[5847, 8708];[4416, 1482514];[953, 1482514];*
6500;[5847, 8708];[4416, 1482514];[953, 1482514];*
6508;[5847, 8708];[4416, 1482514];[953, 1482514];*
6511;[5847, 8708];[4416, 1482514];[953, 1482514];*
6534;[5847, 8708];[4416, 1482514];[953, 1482514];*
6538;[5847, 8708];[4416, 1482514];[953, 1482514];*
6570;[5847, 8708];[4416, 1482514];[953, 1482514];*
6579;[5847, 8708];[4416, 1482514];[953, 1482514];*
6581;[5847, 8708];[4416, 1482514];[953, 1482514];*
6641;[5847, 8708];[4416, 1482514];[953, 1482514];*
6664;[5847, 8708];[4416, 1482514];[953, 1482514];*
6666;[5847, 8708];[4416, 1482514];[953, 1482514];*
6691;[5847, 8708];[4416, 1482514];[953, 1482514];*
6694;[5847, 8708];[4416, 1482514];[953, 1482514];*
6711;[5847, 8708];[4416, 1482514];[953, 1482514];*
6723;[5847, 8708];[4416, 1482514];[953, 1482514];*
6732;[5847, 8708];[4416, 1482514];[953, 1482514];*
6805;[5847, 8708];[4416, 1482514];[953, 1482514];*
6810;[5847, 8708];[4416, 1482514];[953, 1482514];*
6883;[5847, 8708];[4416, 1482514];[953, 1482514];*
6911;[5847, 8708];[4416, 1482514];[953, 1482514];*
6942;[5847, 8708];[4416, 1482514];[953, 1482514];*
6974;[5847, 8708];[4416, 1482514];[953, 1482514];*
6978;[5847, 8708];[4416, 1482514];[953, 1482514];*
6996;[5847, 8708];[4416, 1482514];[953, 1482514];*
7052;[5847, 8708];[4416, 1482514];[953, 1482514];*
7057;[5847, 8708];[4416, 1482514];[953, 1482514];*
7109;[5847, 8708];[4416, 1482514];[953, 1482514];*
7121;[5847, 8708];[4416, 1482514];[953, 1482514];*
7190;[5847, 8708];[4416, 1482514];[953, 1482514];*
7201;[5847, 8708];[4416, 1482514];[953, 1482514];*
7207;[5847, 8708];[4416, 1482514];[953, 1482514];*
7241;[5847, 8708];[4416, 1482514];[953, 1482514];*
7372;[5847, 8708];[4416, 1482514];[953, 1482514];*
7435;[5847, 8708];[4416, 1482514];[953, 1482514];*
7476;[5847, 8708];[4416, 1482514];[953, 1482514];*
7580;[5847, 8708];[4416, 1482514];[953, 1482514];*
7598;[5847, 8708];[4416, 1482514];[953, 1482514];*
7600;[5847, 8708];[4416, 1482514];[953, 1482514];*
7639;[5847, 8708];[4416, 1482514];[953, 1482514];*
7658;[5847, 8708];[4416, 1482514];[953, 1482514];*
7678;[5847, 8708];[4416, 1482514];[953, 1482514];*
7694;[5847, 8708];[4416, 1482514];[953, 1482514];*
7713;[5847, 8708];[4416, 1482514];[953, 1482514];*
7730;[5847, 8708];[4416, 1482514];[953, 1482514];*
7783;[5847, 8708];[4416, 1482514];[953, 1482514];*
7799;[5847, 8708];[4416, 1482514];[953, 1482514];*
7801;[5847, 8708];[4416, 1482514];[953, 1482514];*
7827;[5847, 8708];[4416, 1482514];[953, 1482514];*
7834;[5847, 8708];[4416, 1482514];[953, 1482514];*
7841;[5847, 8708];[4416, 1482514];[953, 1482514];*
7842;[5847, 8708];[4416, 1482514];[953, 1482514];*
7909;[5847, 8708];[4416, 1482514];[953, 1482514];*
7937;[5847, 8708];[4416, 1482514];[953, 1482514];*
7950;[5847, 8708];[4416, 1482514];[953, 1482514];*
8017;[5847, 8708];[4416, 1482514];[953, 1482514];*
8020;[5847, 8708];[4416, 1482514];[953, 1482514];*
8038;[5847, 8708];[4416, 1482514];[953, 1482514];*
8044;[5847, 8708];[4416, 1482514];[953, 1482514];*
8068;[5847, 8708];[4416, 1482514];[953, 1482514];*
8132;[5847, 8708];[4416, 1482514];[953, 1482514];*
8260;[5847, 8708];[4416, 1482514];[953, 1482514];*
8321;[5847, 8708];[4416, 1482514];[953, 1482514];*
8370;[5847, 8708];[4416, 1482514];[953, 1482514];*
8418;[5847, 8708];[4416, 1482514];[953, 1482514];*
8501;[5847, 8708];[4416, 1482514];[953, 1482514];*
8536;[5847, 8708];[4416, 1482514];[953, 1482514];*
8557;[5847, 8708];[4416, 1482514];[953, 1482514];*
8605;[5847, 8708];[4416, 1482514];[953, 1482514];*
8655;[5847, 8708];[4416, 1482514];[953, 1482514];*
8708;[5847, 8708];[4416, 1482514];[953, 1482514];*
8723;[8723, 17064];[4416, 1482514];[953, 1482514];*
8746;[8723, 17064];[4416, 1482514];[953, 1482514];*
8806;[8723, 17064];[4416, 1482514];[953, 1482514];*
8822;[8723, 17064];[4416, 1482514];[953, 1482514];*
8947;[8723, 17064];[4416, 1482514];[953, 1482514];*
8953;[8723, 17064];[4416, 1482514];[953, 1482514];*
9050;[8723, 17064];[4416, 1482514];[953, 1482514];*
9086;[8723, 17064];[4416, 1482514];[953, 1482514];*
9179;[8723, 17064];[4416, 1482514];[953, 1482514];*
9435;[8723, 17064];[4416, 1482514];[953, 1482514];*
9475;[8723, 17064];[4416, 1482514];[953, 1482514];*
9647;[8723, 17064];[4416, 1482514];[953, 1482514];*
9658;[8723, 17064];[4416, 1482514];[953, 1482514];*
9757;[8723, 17064];[4416, 1482514];[953, 1482514];*
9865;[8723, 17064];[4416, 1482514];[953, 1482514];*
9954;[8723, 17064];[4416, 1482514];[953, 1482514];*
10029;[8723, 17064];[4416, 1482514];[953, 1482514];*
10049;[8723, 17064];[4416, 1482514];[953, 1482514];*
10059;[8723, 17064];[4416, 1482514];[953, 1482514];*
10084;[8723, 17064];[4416, 1482514];[953, 1482514];*
10103;[8723, 17064];[4416, 1482514];[953, 1482514];*
10211;[8723, 17064];[4416, 1482514];[953, 1482514];*
10235;[8723, 17064];[4416, 1482514];[953, 1482514];*
10321;[8723, 17064];[4416, 1482514];[953, 1482514];*
10477;[8723, 17064];[4416, 1482514];[953, 1482514];*
10527;[8723, 17064];[4416, 1482514];[953, 1482514];*
10543;[8723, 17064];[4416, 1482514];[953, 1482514];*
10591;[8723, 17064];[4416, 1482514];[953, 1482514];*
10664;[8723, 17064];[4416, 1482514];[953, 1482514];*
10677;[8723, 17064];[4416, 1482514];[953, 1482514];*
10792;[8723, 17064];[4416, 1482514];[953, 1482514];*
10943;[8723, 17064];[4416, 1482514];[953, 1482514];*
10952;[8723, 17064];[4416, 1482514];[953, 1482514];*
11037;[8723, 17064];[4416, 1482514];[953, 1482514];*
11104;[8723, 17064];[4416, 1482514];[953, 1482514];*
11162;[8723, 17064];[4416, 1482514];[953, 1482514];*
11201;[8723, 17064];[4416, 1482514];[953, 1482514];*
11283;[8723, 17064];[4416, 1482514];[953, 1482514];*
11287;[8723, 17064];[4416, 1482514];[953, 1482514];*
11309;[8723, 17064];[4416, 1482514];[953, 1482514];*
11400;[8723, 17064];[4416, 1482514];[953, 1482514];*
11544;[8723, 17064];[4416, 1482514];[953, 1482514];*
11579;[8723, 17064];[4416, 1482514];[953, 1482514];*
11590;[8723, 17064];[4416, 1482514];[953, 1482514];*
11706;[8723, 17064];[4416, 1482514];[953, 1482514];*
11716;[8723, 17064];[4416, 1482514];[953, 1482514];*
11773;[8723, 17064];[4416, 1482514];[953, 1482514];*
11779;[8723, 17064];[4416, 1482514];[953, 1482514];*
11943;[8723, 17064];[4416, 1482514];[953, 1482514];*
12075;[8723, 17064];[4416, 1482514];[953, 1482514];*
12107;[8723, 17064];[4416, 1482514];[953, 1482514];*
12111;[8723, 17064];[4416, 1482514];[953, 1482514];*
12200;[8723, 17064];[4416, 1482514];[953, 1482514];*
12216;[8723, 17064];[4416, 1482514];[953, 1482514];*
12286;[8723, 17064];[4416, 1482514];[953, 1482514];*
12591;[8723, 17064];[4416, 1482514];[953, 1482514];*
12972;[8723, 17064];[4416, 1482514];[953, 1482514];*
12998;[8723, 17064];[4416, 1482514];[953, 1482514];*
13034;[8723, 17064];[4416, 1482514];[953, 1482514];*
13227;[8723, 17064];[4416, 1482514];[953, 1482514];*
13403;[8723, 17064];[4416, 1482514];[953, 1482514];*
13440;[8723, 17064];[4416, 1482514];[953, 1482514];*
13493;[8723, 17064];[4416, 1482514];[953, 1482514];*
13555;[8723, 17064];[4416, 1482514];[953, 1482514];*
13636;[8723, 17064];[4416, 1482514];[953, 1482514];*
13885;[8723, 17064];[4416, 1482514];[953, 1482514];*
14076;[8723, 17064];[4416, 1482514];[953, 1482514];*
14106;[8723, 17064];[4416, 1482514];[953, 1482514];*
14259;[8723, 17064];[4416, 1482514];[953, 1482514];*
14262;[8723, 17064];[4416, 1482514];[953, 1482514];*
14458;[8723, 17064];[4416, 1482514];[953, 1482514];*
14543;[8723, 17064];[4416, 1482514];[953, 1482514];*
14648;[8723, 17064];[4416, 1482514];[953, 1482514];*
14680;[8723, 17064];[4416, 1482514];[953, 1482514];*
14768;[8723, 17064];[4416, 1482514];[953, 1482514];*
14815;[8723, 17064];[4416, 1482514];[953, 1482514];*
14982;[8723, 17064];[4416, 1482514];[953, 1482514];*
15038;[8723, 17064];[4416, 1482514];[953, 1482514];*
15134;[8723, 17064];[4416, 1482514];[953, 1482514];*
15215;[8723, 17064];[4416, 1482514];[953, 1482514];*
15266;[8723, 17064];[4416, 1482514];[953, 1482514];*
15380;[8723, 17064];[4416, 1482514];[953, 1482514];*
15405;[8723, 17064];[4416, 1482514];[953, 1482514];*
15454;[8723, 17064];[4416, 1482514];[953, 1482514];*
15519;[8723, 17064];[4416, 1482514];[953, 1482514];*
15988;[8723, 17064];[4416, 1482514];[953, 1482514];*
16575;[8723, 17064];[4416, 1482514];[953, 1482514];*
16735;[8723, 17064];[4416, 1482514];[953, 1482514];*
16853;[8723, 17064];[4416, 1482514];[953, 1482514];*
16989;[8723, 17064];[4416, 1482514];[953, 1482514];*
17064;[8723, 17064];[4416, 1482514];[953, 1482514];*
17362;[17362, 1482514];[4416, 1482514];[953, 1482514];*
17417;[17362, 1482514];[4416, 1482514];[953, 1482514];*
17545;[17362, 1482514];[4416, 1482514];[953, 1482514];*
17568;[17362, 1482514];[4416, 1482514];[953, 1482514];*
17573;[17362, 1482514];[4416, 1482514];[953, 1482514];*
17716;[17362, 1482514];[4416, 1482514];[953, 1482514];*
17837;[17362, 1482514];[4416, 1482514];[953, 1482514];*
18012;[17362, 1482514];[4416, 1482514];[953, 1482514];*
18087;[17362, 1482514];[4416, 1482514];[953, 1482514];*
18532;[17362, 1482514];[4416, 1482514];[953, 1482514];*
18766;[17362, 1482514];[4416, 1482514];[953, 1482514];*
20000;[17362, 1482514];[4416, 1482514];[953, 1482514];*
20064;[17362, 1482514];[4416, 1482514];[953, 1482514];*
20788;[17362, 1482514];[4416, 1482514];[953, 1482514];*
20828;[17362, 1482514];[4416, 1482514];[953, 1482514];*
20875;[17362, 1482514];[4416, 1482514];[953, 1482514];*
20939;[17362, 1482514];[4416, 1482514];[953, 1482514];*
21102;[17362, 1482514];[4416, 1482514];[953, 1482514];*
21360;[17362, 1482514];[4416, 1482514];[953, 1482514];*
21904;[17362, 1482514];[4416, 1482514];[953, 1482514];*
22162;[17362, 1482514];[4416, 1482514];[953, 1482514];*
22332;[17362, 1482514];[4416, 1482514];[953, 1482514];*
22887;[17362, 1482514];[4416, 1482514];[953, 1482514];*
23220;[17362, 1482514];[4416, 1482514];[953, 1482514];*
23642;[17362, 1482514];[4416, 1482514];[953, 1482514];*
23908;[17362, 1482514];[4416, 1482514];[953, 1482514];*
24755;[17362, 1482514];[4416, 1482514];[953, 1482514];*
24912;[17362, 1482514];[4416, 1482514];[953, 1482514];*
25777;[17362, 1482514];[4416, 1482514];[953, 1482514];*
25831;[17362, 1482514];[4416, 1482514];[953, 1482514];*
26509;[17362, 1482514];[4416, 1482514];[953, 1482514];*
27424;[17362, 1482514];[4416, 1482514];[953, 1482514];*
27916;[17362, 1482514];[4416, 1482514];[953, 1482514];*
29475;[17362, 1482514];[4416, 1482514];[953, 1482514];*
30563;[17362, 1482514];[4416, 1482514];[953, 1482514];*
32020;[17362, 1482514];[4416, 1482514];[953, 1482514];*
32811;[17362, 1482514];[4416, 1482514];[953, 1482514];*
32944;[17362, 1482514];[4416, 1482514];[953, 1482514];*
34301;[17362, 1482514];[4416, 1482514];[953, 1482514];*
35455;[17362, 1482514];[4416, 1482514];[953, 1482514];*
36653;[17362, 1482514];[4416, 1482514];[953, 1482514];*
37372;[17362, 1482514];[4416, 1482514];[953, 1482514];*
42971;[17362, 1482514];[4416, 1482514];[953, 1482514];*
43581;[17362, 1482514];[4416, 1482514];[953, 1482514];*
43615;[17362, 1482514];[4416, 1482514];[953, 1482514];*
43696;[17362, 1482514];[4416, 1482514];[953, 1482514];*
43860;[17362, 1482514];[4416, 1482514];[953, 1482514];*
45593;[17362, 1482514];[4416, 1482514];[953, 1482514];*
46571;[17362, 1482514];[4416, 1482514];[953, 1482514];*
46773;[17362, 1482514];[4416, 1482514];[953, 1482514];*
47111;[17362, 1482514];[4416, 1482514];[953, 1482514];*
47705;[17362, 1482514];[4416, 1482514];[953, 1482514];*
48997;[17362, 1482514];[4416, 1482514];[953, 1482514];*
49644;[17362, 1482514];[4416, 1482514];[953, 1482514];*
50078;[17362, 1482514];[4416, 1482514];[953, 1482514];*
50814;[17362, 1482514];[4416, 1482514];[953, 1482514];*
51201;[17362, 1482514];[4416, 1482514];[953, 1482514];*
51229;[17362, 1482514];[4416, 1482514];[953, 1482514];*
52100;[17362, 1482514];[4416, 1482514];[953, 1482514];*
54554;[17362, 1482514];[4416, 1482514];[953, 1482514];*
56976;[17362, 1482514];[4416, 1482514];[953, 1482514];*
60125;[17362, 1482514];[4416, 1482514];[953, 1482514];*
65838;[17362, 1482514];[4416, 1482514];[953, 1482514];*
67953;[17362, 1482514];[4416, 1482514];[953, 1482514];*
67959;[17362, 1482514];[4416, 1482514];[953, 1482514];*
67968;[17362, 1482514];[4416, 1482514];[953, 1482514];*
77172;[17362, 1482514];[4416, 1482514];[953, 1482514];*
81126;[17362, 1482514];[4416, 1482514];[953, 1482514];*
82490;[17362, 1482514];[4416, 1482514];[953, 1482514];*
87169;[17362, 1482514];[4416, 1482514];[953, 1482514];*
90080;[17362, 1482514];[4416, 1482514];[953, 1482514];*
97530;[17362, 1482514];[4416, 1482514];[953, 1482514];*
101259;[17362, 1482514];[4416, 1482514];[953, 1482514];*
104058;[17362, 1482514];[4416, 1482514];[953, 1482514];*
104832;[17362, 1482514];[4416, 1482514];[953, 1482514];*
151053;[17362, 1482514];[4416, 1482514];[953, 1482514];*
162991;[17362, 1482514];[4416, 1482514];[953, 1482514];*
191823;[17362, 1482514];[4416, 1482514];[953, 1482514];*
218472;[17362, 1482514];[4416, 1482514];[953, 1482514];*
219388;[17362, 1482514];[4416, 1482514];[953, 1482514];*
229169;[17362, 1482514];[4416, 1482514];[953, 1482514];*
340399;[17362, 1482514];[4416, 1482514];[953, 1482514];*
452706;[17362, 1482514];[4416, 1482514];[953, 1482514];*
507416;[17362, 1482514];[4416, 1482514];[953, 1482514];*
618478;[17362, 1482514];[4416, 1482514];[953, 1482514];*
661992;[17362, 1482514];[4416, 1482514];[953, 1482514];*
754360;[17362, 1482514];[4416, 1482514];[953, 1482514];*
781249;[17362, 1482514];[4416, 1482514];[953, 1482514];*
1036412;[17362, 1482514];[4416, 1482514];[953, 1482514];*
1386583;[17362, 1482514];[4416, 1482514];[953, 1482514];*
1482514;[17362, 1482514];[4416, 1482514];[953, 1482514];*
