30;[30, 74];[30, 211];[30, 636];*
31;[30, 74];[30, 211];[30, 636];*
32;[30, 74];[30, 211];[30, 636];*
33;[30, 74];[30, 211];[30, 636];*
34;[30, 74];[30, 211];[30, 636];*
35;[30, 74];[30, 211];[30, 636];*
36;[30, 74];[30, 211];[30, 636];*
37;[30, 74];[30, 211];[30, 636];*
38;[30, 74];[30, 211];[30, 636];*
39;[30, 74];[30, 211];[30, 636];*
40;[30, 74];[30, 211];[30, 636];*
41;[30, 74];[30, 211];[30, 636];*
42;[30, 74];[30, 211];[30, 636];*
43;[30, 74];[30, 211];[30, 636];*
44;[30, 74];[30, 211];[30, 636];*
45;[30, 74];[30, 211];[30, 636];*
46;[30, 74];[30, 211];[30, 636];*
47;[30, 74];[30, 211];[30, 636];*
48;[30, 74];[30, 211];[30, 636];*
49;[30, 74];[30, 211];[30, 636];*
50;[30, 74];[30, 211];[30, 636];*
51;[30, 74];[30, 211];[30, 636];*
52;[30, 74];[30, 211];[30, 636];*
53;[30, 74];[30, 211];[30, 636];*
54;[30, 74];[30, 211];[30, 636];*
55;[30, 74];[30, 211];[30, 636];*
56;[30, 74];[30, 211];[30, 636];*
57;[30, 74];[30, 211];[30, 636];*
58;[30, 74];[30, 211];[30, 636];*
59;[30, 74];[30, 211];[30, 636];*
60;[30, 74];[30, 211];[30, 636];*
61;[30, 74];[30, 211];[30, 636];*
62;[30, 74];[30, 211];[30, 636];*
63;[30, 74];[30, 211];[30, 636];*
64;[30, 74];[30, 211];[30, 636];*
65;[30, 74];[30, 211];[30, 636];*
66;[30, 74];[30, 211];[30, 636];*
67;[30, 74];[30, 211];[30, 636];*
68;[30, 74];[30, 211];[30, 636];*
69;[30, 74];[30, 211];[30, 636];*
70;[30, 74];[30, 211];[30, 636];*
71;[30, 74];[30, 211];[30, 636];*
72;[30, 74];[30, 211];[30, 636];*
73;[30, 74];[30, 211];[30, 636];*
74;[30, 74];[30, 211];[30, 636];*
75;[75, 119];[30, 211];[30, 636];*
76;[75, 119];[30, 211];[30, 636];*
77;[75, 119];[30, 211];[30, 636];*
78;[75, 119];[30, 211];[30, 636];*
79;[75, 119];[30, 211];[30, 636];*
80;[75, 119];[30, 211];[30, 636];*
81;[75, 119];[30, 211];[30, 636];*
82;[75, 119];[30, 211];[30, 636];*
83;[75, 119];[30, 211];[30, 636];*
84;[75, 119];[30, 211];[30, 636];*
85;[75, 119];[30, 211];[30, 636];*
86;[75, 119];[30, 211];[30, 636];*
87;[75, 119];[30, 211];[30, 636];*
88;[75, 119];[30, 211];[30, 636];*
89;[75, 119];[30, 211];[30, 636];*
90;[75, 119];[30, 211];[30, 636];*
91;[75, 119];[30, 211];[30, 636];*
92;[75, 119];[30, 211];[30, 636];*
93;[75, 119];[30, 211];[30, 636];*
94;[75, 119];[30, 211];[30, 636];*
95;[75, 119];[30, 211];[30, 636];*
96;[75, 119];[30, 211];[30, 636];*
97;[75, 119];[30, 211];[30, 636];*
98;[75, 119];[30, 211];[30, 636];*
99;[75, 119];[30, 211];[30, 636];*
100;[75, 119];[30, 211];[30, 636];*
101;[75, 119];[30, 211];[30, 636];*
102;[75, 119];[30, 211];[30, 636];*
103;[75, 119];[30, 211];[30, 636];*
104;[75, 119];[30, 211];[30, 636];*
105;[75, 119];[30, 211];[30, 636];*
106;[75, 119];[30, 211];[30, 636];*
107;[75, 119];[30, 211];[30, 636];*
108;[75, 119];[30, 211];[30, 636];*
109;[75, 119];[30, 211];[30, 636];*
110;[75, 119];[30, 211];[30, 636];*
111;[75, 119];[30, 211];[30, 636];*
112;[75, 119];[30, 211];[30, 636];*
113;[75, 119];[30, 211];[30, 636];*
114;[75, 119];[30, 211];[30, 636];*
115;[75, 119];[30, 211];[30, 636];*
116;[75, 119];[30, 211];[30, 636];*
117;[75, 119];[30, 211];[30, 636];*
118;[75, 119];[30, 211];[30, 636];*
119;[75, 119];[30, 211];[30, 636];*
120;[120, 164];[30, 211];[30, 636];*
121;[120, 164];[30, 211];[30, 636];*
122;[120, 164];[30, 211];[30, 636];*
123;[120, 164];[30, 211];[30, 636];*
124;[120, 164];[30, 211];[30, 636];*
125;[120, 164];[30, 211];[30, 636];*
126;[120, 164];[30, 211];[30, 636];*
127;[120, 164];[30, 211];[30, 636];*
128;[120, 164];[30, 211];[30, 636];*
129;[120, 164];[30, 211];[30, 636];*
130;[120, 164];[30, 211];[30, 636];*
131;[120, 164];[30, 211];[30, 636];*
132;[120, 164];[30, 211];[30, 636];*
133;[120, 164];[30, 211];[30, 636];*
134;[120, 164];[30, 211];[30, 636];*
135;[120, 164];[30, 211];[30, 636];*
136;[120, 164];[30, 211];[30, 636];*
137;[120, 164];[30, 211];[30, 636];*
138;[120, 164];[30, 211];[30, 636];*
139;[120, 164];[30, 211];[30, 636];*
140;[120, 164];[30, 211];[30, 636];*
141;[120, 164];[30, 211];[30, 636];*
142;[120, 164];[30, 211];[30, 636];*
143;[120, 164];[30, 211];[30, 636];*
144;[120, 164];[30, 211];[30, 636];*
145;[120, 164];[30, 211];[30, 636];*
146;[120, 164];[30, 211];[30, 636];*
147;[120, 164];[30, 211];[30, 636];*
148;[120, 164];[30, 211];[30, 636];*
149;[120, 164];[30, 211];[30, 636];*
150;[120, 164];[30, 211];[30, 636];*
151;[120, 164];[30, 211];[30, 636];*
152;[120, 164];[30, 211];[30, 636];*
153;[120, 164];[30, 211];[30, 636];*
154;[120, 164];[30, 211];[30, 636];*
155;[120, 164];[30, 211];[30, 636];*
156;[120, 164];[30, 211];[30, 636];*
157;[120, 164];[30, 211];[30, 636];*
158;[120, 164];[30, 211];[30, 636];*
159;[120, 164];[30, 211];[30, 636];*
160;[120, 164];[30, 211];[30, 636];*
161;[120, 164];[30, 211];[30, 636];*
162;[120, 164];[30, 211];[30, 636];*
163;[120, 164];[30, 211];[30, 636];*
164;[120, 164];[30, 211];[30, 636];*
165;[165, 211];[30, 211];[30, 636];*
166;[165, 211];[30, 211];[30, 636];*
167;[165, 211];[30, 211];[30, 636];*
168;[165, 211];[30, 211];[30, 636];*
169;[165, 211];[30, 211];[30, 636];*
170;[165, 211];[30, 211];[30, 636];*
171;[165, 211];[30, 211];[30, 636];*
172;[165, 211];[30, 211];[30, 636];*
173;[165, 211];[30, 211];[30, 636];*
174;[165, 211];[30, 211];[30, 636];*
175;[165, 211];[30, 211];[30, 636];*
176;[165, 211];[30, 211];[30, 636];*
177;[165, 211];[30, 211];[30, 636];*
178;[165, 211];[30, 211];[30, 636];*
179;[165, 211];[30, 211];[30, 636];*
180;[165, 211];[30, 211];[30, 636];*
181;[165, 211];[30, 211];[30, 636];*
182;[165, 211];[30, 211];[30, 636];*
183;[165, 211];[30, 211];[30, 636];*
184;[165, 211];[30, 211];[30, 636];*
185;[165, 211];[30, 211];[30, 636];*
186;[165, 211];[30, 211];[30, 636];*
187;[165, 211];[30, 211];[30, 636];*
188;[165, 211];[30, 211];[30, 636];*
189;[165, 211];[30, 211];[30, 636];*
190;[165, 211];[30, 211];[30, 636];*
191;[165, 211];[30, 211];[30, 636];*
192;[165, 211];[30, 211];[30, 636];*
193;[165, 211];[30, 211];[30, 636];*
194;[165, 211];[30, 211];[30, 636];*
195;[165, 211];[30, 211];[30, 636];*
196;[165, 211];[30, 211];[30, 636];*
197;[165, 211];[30, 211];[30, 636];*
198;[165, 211];[30, 211];[30, 636];*
199;[165, 211];[30, 211];[30, 636];*
200;[165, 211];[30, 211];[30, 636];*
201;[165, 211];[30, 211];[30, 636];*
202;[165, 211];[30, 211];[30, 636];*
203;[165, 211];[30, 211];[30, 636];*
204;[165, 211];[30, 211];[30, 636];*
205;[165, 211];[30, 211];[30, 636];*
206;[165, 211];[30, 211];[30, 636];*
207;[165, 211];[30, 211];[30, 636];*
208;[165, 211];[30, 211];[30, 636];*
209;[165, 211];[30, 211];[30, 636];*
210;[165, 211];[30, 211];[30, 636];*
211;[165, 211];[30, 211];[30, 636];*
212;[212, 256];[212, 401];[30, 636];*
213;[212, 256];[212, 401];[30, 636];*
214;[212, 256];[212, 401];[30, 636];*
215;[212, 256];[212, 401];[30, 636];*
216;[212, 256];[212, 401];[30, 636];*
217;[212, 256];[212, 401];[30, 636];*
218;[212, 256];[212, 401];[30, 636];*
219;[212, 256];[212, 401];[30, 636];*
220;[212, 256];[212, 401];[30, 636];*
221;[212, 256];[212, 401];[30, 636];*
222;[212, 256];[212, 401];[30, 636];*
223;[212, 256];[212, 401];[30, 636];*
224;[212, 256];[212, 401];[30, 636];*
225;[212, 256];[212, 401];[30, 636];*
226;[212, 256];[212, 401];[30, 636];*
227;[212, 256];[212, 401];[30, 636];*
228;[212, 256];[212, 401];[30, 636];*
229;[212, 256];[212, 401];[30, 636];*
230;[212, 256];[212, 401];[30, 636];*
231;[212, 256];[212, 401];[30, 636];*
232;[212, 256];[212, 401];[30, 636];*
233;[212, 256];[212, 401];[30, 636];*
234;[212, 256];[212, 401];[30, 636];*
235;[212, 256];[212, 401];[30, 636];*
236;[212, 256];[212, 401];[30, 636];*
237;[212, 256];[212, 401];[30, 636];*
238;[212, 256];[212, 401];[30, 636];*
239;[212, 256];[212, 401];[30, 636];*
240;[212, 256];[212, 401];[30, 636];*
241;[212, 256];[212, 401];[30, 636];*
242;[212, 256];[212, 401];[30, 636];*
243;[212, 256];[212, 401];[30, 636];*
244;[212, 256];[212, 401];[30, 636];*
245;[212, 256];[212, 401];[30, 636];*
246;[212, 256];[212, 401];[30, 636];*
247;[212, 256];[212, 401];[30, 636];*
248;[212, 256];[212, 401];[30, 636];*
249;[212, 256];[212, 401];[30, 636];*
250;[212, 256];[212, 401];[30, 636];*
251;[212, 256];[212, 401];[30, 636];*
252;[212, 256];[212, 401];[30, 636];*
253;[212, 256];[212, 401];[30, 636];*
254;[212, 256];[212, 401];[30, 636];*
255;[212, 256];[212, 401];[30, 636];*
256;[212, 256];[212, 401];[30, 636];*
257;[257, 303];[212, 401];[30, 636];*
258;[257, 303];[212, 401];[30, 636];*
259;[257, 303];[212, 401];[30, 636];*
260;[257, 303];[212, 401];[30, 636];*
261;[257, 303];[212, 401];[30, 636];*
262;[257, 303];[212, 401];[30, 636];*
263;[257, 303];[212, 401];[30, 636];*
264;[257, 303];[212, 401];[30, 636];*
265;[257, 303];[212, 401];[30, 636];*
266;[257, 303];[212, 401];[30, 636];*
267;[257, 303];[212, 401];[30, 636];*
268;[257, 303];[212, 401];[30, 636];*
269;[257, 303];[212, 401];[30, 636];*
270;[257, 303];[212, 401];[30, 636];*
271;[257, 303];[212, 401];[30, 636];*
272;[257, 303];[212, 401];[30, 636];*
274;[257, 303];[212, 401];[30, 636];*
275;[257, 303];[212, 401];[30, 636];*
276;[257, 303];[212, 401];[30, 636];*
277;[257, 303];[212, 401];[30, 636];*
278;[257, 303];[212, 401];[30, 636];*
279;[257, 303];[212, 401];[30, 636];*
280;[257, 303];[212, 401];[30, 636];*
282;[257, 303];[212, 401];[30, 636];*
283;[257, 303];[212, 401];[30, 636];*
284;[257, 303];[212, 401];[30, 636];*
285;[257, 303];[212, 401];[30, 636];*
286;[257, 303];[212, 401];[30, 636];*
287;[257, 303];[212, 401];[30, 636];*
288;[257, 303];[212, 401];[30, 636];*
289;[257, 303];[212, 401];[30, 636];*
290;[257, 303];[212, 401];[30, 636];*
291;[257, 303];[212, 401];[30, 636];*
292;[257, 303];[212, 401];[30, 636];*
293;[257, 303];[212, 401];[30, 636];*
294;[257, 303];[212, 401];[30, 636];*
295;[257, 303];[212, 401];[30, 636];*
296;[257, 303];[212, 401];[30, 636];*
297;[257, 303];[212, 401];[30, 636];*
298;[257, 303];[212, 401];[30, 636];*
299;[257, 303];[212, 401];[30, 636];*
300;[257, 303];[212, 401];[30, 636];*
301;[257, 303];[212, 401];[30, 636];*
302;[257, 303];[212, 401];[30, 636];*
303;[257, 303];[212, 401];[30, 636];*
304;[304, 351];[212, 401];[30, 636];*
305;[304, 351];[212, 401];[30, 636];*
306;[304, 351];[212, 401];[30, 636];*
307;[304, 351];[212, 401];[30, 636];*
308;[304, 351];[212, 401];[30, 636];*
309;[304, 351];[212, 401];[30, 636];*
310;[304, 351];[212, 401];[30, 636];*
311;[304, 351];[212, 401];[30, 636];*
312;[304, 351];[212, 401];[30, 636];*
313;[304, 351];[212, 401];[30, 636];*
314;[304, 351];[212, 401];[30, 636];*
315;[304, 351];[212, 401];[30, 636];*
316;[304, 351];[212, 401];[30, 636];*
317;[304, 351];[212, 401];[30, 636];*
318;[304, 351];[212, 401];[30, 636];*
319;[304, 351];[212, 401];[30, 636];*
320;[304, 351];[212, 401];[30, 636];*
321;[304, 351];[212, 401];[30, 636];*
322;[304, 351];[212, 401];[30, 636];*
323;[304, 351];[212, 401];[30, 636];*
324;[304, 351];[212, 401];[30, 636];*
325;[304, 351];[212, 401];[30, 636];*
326;[304, 351];[212, 401];[30, 636];*
327;[304, 351];[212, 401];[30, 636];*
328;[304, 351];[212, 401];[30, 636];*
331;[304, 351];[212, 401];[30, 636];*
332;[304, 351];[212, 401];[30, 636];*
333;[304, 351];[212, 401];[30, 636];*
334;[304, 351];[212, 401];[30, 636];*
335;[304, 351];[212, 401];[30, 636];*
336;[304, 351];[212, 401];[30, 636];*
337;[304, 351];[212, 401];[30, 636];*
338;[304, 351];[212, 401];[30, 636];*
339;[304, 351];[212, 401];[30, 636];*
340;[304, 351];[212, 401];[30, 636];*
342;[304, 351];[212, 401];[30, 636];*
343;[304, 351];[212, 401];[30, 636];*
344;[304, 351];[212, 401];[30, 636];*
345;[304, 351];[212, 401];[30, 636];*
346;[304, 351];[212, 401];[30, 636];*
347;[304, 351];[212, 401];[30, 636];*
348;[304, 351];[212, 401];[30, 636];*
349;[304, 351];[212, 401];[30, 636];*
350;[304, 351];[212, 401];[30, 636];*
351;[304, 351];[212, 401];[30, 636];*
352;[352, 401];[212, 401];[30, 636];*
353;[352, 401];[212, 401];[30, 636];*
354;[352, 401];[212, 401];[30, 636];*
355;[352, 401];[212, 401];[30, 636];*
356;[352, 401];[212, 401];[30, 636];*
357;[352, 401];[212, 401];[30, 636];*
358;[352, 401];[212, 401];[30, 636];*
359;[352, 401];[212, 401];[30, 636];*
360;[352, 401];[212, 401];[30, 636];*
361;[352, 401];[212, 401];[30, 636];*
362;[352, 401];[212, 401];[30, 636];*
363;[352, 401];[212, 401];[30, 636];*
364;[352, 401];[212, 401];[30, 636];*
365;[352, 401];[212, 401];[30, 636];*
366;[352, 401];[212, 401];[30, 636];*
367;[352, 401];[212, 401];[30, 636];*
368;[352, 401];[212, 401];[30, 636];*
369;[352, 401];[212, 401];[30, 636];*
370;[352, 401];[212, 401];[30, 636];*
371;[352, 401];[212, 401];[30, 636];*
372;[352, 401];[212, 401];[30, 636];*
373;[352, 401];[212, 401];[30, 636];*
374;[352, 401];[212, 401];[30, 636];*
375;[352, 401];[212, 401];[30, 636];*
376;[352, 401];[212, 401];[30, 636];*
377;[352, 401];[212, 401];[30, 636];*
379;[352, 401];[212, 401];[30, 636];*
380;[352, 401];[212, 401];[30, 636];*
381;[352, 401];[212, 401];[30, 636];*
382;[352, 401];[212, 401];[30, 636];*
383;[352, 401];[212, 401];[30, 636];*
384;[352, 401];[212, 401];[30, 636];*
385;[352, 401];[212, 401];[30, 636];*
386;[352, 401];[212, 401];[30, 636];*
387;[352, 401];[212, 401];[30, 636];*
388;[352, 401];[212, 401];[30, 636];*
390;[352, 401];[212, 401];[30, 636];*
391;[352, 401];[212, 401];[30, 636];*
392;[352, 401];[212, 401];[30, 636];*
393;[352, 401];[212, 401];[30, 636];*
395;[352, 401];[212, 401];[30, 636];*
396;[352, 401];[212, 401];[30, 636];*
397;[352, 401];[212, 401];[30, 636];*
398;[352, 401];[212, 401];[30, 636];*
399;[352, 401];[212, 401];[30, 636];*
400;[352, 401];[212, 401];[30, 636];*
401;[352, 401];[212, 401];[30, 636];*
402;[402, 450];[402, 636];[30, 636];*
404;[402, 450];[402, 636];[30, 636];*
405;[402, 450];[402, 636];[30, 636];*
406;[402, 450];[402, 636];[30, 636];*
407;[402, 450];[402, 636];[30, 636];*
408;[402, 450];[402, 636];[30, 636];*
409;[402, 450];[402, 636];[30, 636];*
410;[402, 450];[402, 636];[30, 636];*
411;[402, 450];[402, 636];[30, 636];*
412;[402, 450];[402, 636];[30, 636];*
414;[402, 450];[402, 636];[30, 636];*
415;[402, 450];[402, 636];[30, 636];*
416;[402, 450];[402, 636];[30, 636];*
417;[402, 450];[402, 636];[30, 636];*
418;[402, 450];[402, 636];[30, 636];*
419;[402, 450];[402, 636];[30, 636];*
420;[402, 450];[402, 636];[30, 636];*
421;[402, 450];[402, 636];[30, 636];*
422;[402, 450];[402, 636];[30, 636];*
423;[402, 450];[402, 636];[30, 636];*
424;[402, 450];[402, 636];[30, 636];*
425;[402, 450];[402, 636];[30, 636];*
426;[402, 450];[402, 636];[30, 636];*
427;[402, 450];[402, 636];[30, 636];*
429;[402, 450];[402, 636];[30, 636];*
430;[402, 450];[402, 636];[30, 636];*
431;[402, 450];[402, 636];[30, 636];*
432;[402, 450];[402, 636];[30, 636];*
433;[402, 450];[402, 636];[30, 636];*
434;[402, 450];[402, 636];[30, 636];*
435;[402, 450];[402, 636];[30, 636];*
436;[402, 450];[402, 636];[30, 636];*
437;[402, 450];[402, 636];[30, 636];*
438;[402, 450];[402, 636];[30, 636];*
439;[402, 450];[402, 636];[30, 636];*
440;[402, 450];[402, 636];[30, 636];*
441;[402, 450];[402, 636];[30, 636];*
442;[402, 450];[402, 636];[30, 636];*
443;[402, 450];[402, 636];[30, 636];*
445;[402, 450];[402, 636];[30, 636];*
446;[402, 450];[402, 636];[30, 636];*
447;[402, 450];[402, 636];[30, 636];*
448;[402, 450];[402, 636];[30, 636];*
449;[402, 450];[402, 636];[30, 636];*
450;[402, 450];[402, 636];[30, 636];*
451;[451, 508];[402, 636];[30, 636];*
452;[451, 508];[402, 636];[30, 636];*
453;[451, 508];[402, 636];[30, 636];*
454;[451, 508];[402, 636];[30, 636];*
455;[451, 508];[402, 636];[30, 636];*
457;[451, 508];[402, 636];[30, 636];*
458;[451, 508];[402, 636];[30, 636];*
459;[451, 508];[402, 636];[30, 636];*
460;[451, 508];[402, 636];[30, 636];*
461;[451, 508];[402, 636];[30, 636];*
463;[451, 508];[402, 636];[30, 636];*
464;[451, 508];[402, 636];[30, 636];*
465;[451, 508];[402, 636];[30, 636];*
466;[451, 508];[402, 636];[30, 636];*
467;[451, 508];[402, 636];[30, 636];*
468;[451, 508];[402, 636];[30, 636];*
471;[451, 508];[402, 636];[30, 636];*
472;[451, 508];[402, 636];[30, 636];*
473;[451, 508];[402, 636];[30, 636];*
474;[451, 508];[402, 636];[30, 636];*
475;[451, 508];[402, 636];[30, 636];*
476;[451, 508];[402, 636];[30, 636];*
477;[451, 508];[402, 636];[30, 636];*
478;[451, 508];[402, 636];[30, 636];*
479;[451, 508];[402, 636];[30, 636];*
480;[451, 508];[402, 636];[30, 636];*
481;[451, 508];[402, 636];[30, 636];*
482;[451, 508];[402, 636];[30, 636];*
483;[451, 508];[402, 636];[30, 636];*
484;[451, 508];[402, 636];[30, 636];*
487;[451, 508];[402, 636];[30, 636];*
488;[451, 508];[402, 636];[30, 636];*
489;[451, 508];[402, 636];[30, 636];*
491;[451, 508];[402, 636];[30, 636];*
492;[451, 508];[402, 636];[30, 636];*
493;[451, 508];[402, 636];[30, 636];*
496;[451, 508];[402, 636];[30, 636];*
497;[451, 508];[402, 636];[30, 636];*
499;[451, 508];[402, 636];[30, 636];*
500;[451, 508];[402, 636];[30, 636];*
502;[451, 508];[402, 636];[30, 636];*
503;[451, 508];[402, 636];[30, 636];*
504;[451, 508];[402, 636];[30, 636];*
506;[451, 508];[402, 636];[30, 636];*
508;[451, 508];[402, 636];[30, 636];*
509;[509, 569];[402, 636];[30, 636];*
510;[509, 569];[402, 636];[30, 636];*
511;[509, 569];[402, 636];[30, 636];*
512;[509, 569];[402, 636];[30, 636];*
513;[509, 569];[402, 636];[30, 636];*
514;[509, 569];[402, 636];[30, 636];*
515;[509, 569];[402, 636];[30, 636];*
518;[509, 569];[402, 636];[30, 636];*
519;[509, 569];[402, 636];[30, 636];*
520;[509, 569];[402, 636];[30, 636];*
521;[509, 569];[402, 636];[30, 636];*
524;[509, 569];[402, 636];[30, 636];*
525;[509, 569];[402, 636];[30, 636];*
527;[509, 569];[402, 636];[30, 636];*
528;[509, 569];[402, 636];[30, 636];*
530;[509, 569];[402, 636];[30, 636];*
531;[509, 569];[402, 636];[30, 636];*
532;[509, 569];[402, 636];[30, 636];*
534;[509, 569];[402, 636];[30, 636];*
536;[509, 569];[402, 636];[30, 636];*
537;[509, 569];[402, 636];[30, 636];*
541;[509, 569];[402, 636];[30, 636];*
542;[509, 569];[402, 636];[30, 636];*
543;[509, 569];[402, 636];[30, 636];*
544;[509, 569];[402, 636];[30, 636];*
547;[509, 569];[402, 636];[30, 636];*
549;[509, 569];[402, 636];[30, 636];*
550;[509, 569];[402, 636];[30, 636];*
551;[509, 569];[402, 636];[30, 636];*
552;[509, 569];[402, 636];[30, 636];*
553;[509, 569];[402, 636];[30, 636];*
554;[509, 569];[402, 636];[30, 636];*
555;[509, 569];[402, 636];[30, 636];*
556;[509, 569];[402, 636];[30, 636];*
558;[509, 569];[402, 636];[30, 636];*
559;[509, 569];[402, 636];[30, 636];*
560;[509, 569];[402, 636];[30, 636];*
561;[509, 569];[402, 636];[30, 636];*
562;[509, 569];[402, 636];[30, 636];*
564;[509, 569];[402, 636];[30, 636];*
565;[509, 569];[402, 636];[30, 636];*
566;[509, 569];[402, 636];[30, 636];*
567;[509, 569];[402, 636];[30, 636];*
568;[509, 569];[402, 636];[30, 636];*
569;[509, 569];[402, 636];[30, 636];*
571;[571, 636];[402, 636];[30, 636];*
572;[571, 636];[402, 636];[30, 636];*
573;[571, 636];[402, 636];[30, 636];*
574;[571, 636];[402, 636];[30, 636];*
575;[571, 636];[402, 636];[30, 636];*
577;[571, 636];[402, 636];[30, 636];*
579;[571, 636];[402, 636];[30, 636];*
580;[571, 636];[402, 636];[30, 636];*
581;[571, 636];[402, 636];[30, 636];*
582;[571, 636];[402, 636];[30, 636];*
584;[571, 636];[402, 636];[30, 636];*
588;[571, 636];[402, 636];[30, 636];*
589;[571, 636];[402, 636];[30, 636];*
591;[571, 636];[402, 636];[30, 636];*
592;[571, 636];[402, 636];[30, 636];*
593;[571, 636];[402, 636];[30, 636];*
594;[571, 636];[402, 636];[30, 636];*
595;[571, 636];[402, 636];[30, 636];*
596;[571, 636];[402, 636];[30, 636];*
597;[571, 636];[402, 636];[30, 636];*
598;[571, 636];[402, 636];[30, 636];*
600;[571, 636];[402, 636];[30, 636];*
602;[571, 636];[402, 636];[30, 636];*
604;[571, 636];[402, 636];[30, 636];*
605;[571, 636];[402, 636];[30, 636];*
606;[571, 636];[402, 636];[30, 636];*
607;[571, 636];[402, 636];[30, 636];*
608;[571, 636];[402, 636];[30, 636];*
609;[571, 636];[402, 636];[30, 636];*
610;[571, 636];[402, 636];[30, 636];*
612;[571, 636];[402, 636];[30, 636];*
613;[571, 636];[402, 636];[30, 636];*
614;[571, 636];[402, 636];[30, 636];*
615;[571, 636];[402, 636];[30, 636];*
616;[571, 636];[402, 636];[30, 636];*
618;[571, 636];[402, 636];[30, 636];*
619;[571, 636];[402, 636];[30, 636];*
620;[571, 636];[402, 636];[30, 636];*
622;[571, 636];[402, 636];[30, 636];*
623;[571, 636];[402, 636];[30, 636];*
625;[571, 636];[402, 636];[30, 636];*
626;[571, 636];[402, 636];[30, 636];*
627;[571, 636];[402, 636];[30, 636];*
628;[571, 636];[402, 636];[30, 636];*
631;[571, 636];[402, 636];[30, 636];*
634;[571, 636];[402, 636];[30, 636];*
636;[571, 636];[402, 636];[30, 636];*
637;[637, 736];[637, 1124];[637, 594034];*
638;[637, 736];[637, 1124];[637, 594034];*
640;[637, 736];[637, 1124];[637, 594034];*
642;[637, 736];[637, 1124];[637, 594034];*
643;[637, 736];[637, 1124];[637, 594034];*
644;[637, 736];[637, 1124];[637, 594034];*
645;[637, 736];[637, 1124];[637, 594034];*
646;[637, 736];[637, 1124];[637, 594034];*
648;[637, 736];[637, 1124];[637, 594034];*
650;[637, 736];[637, 1124];[637, 594034];*
655;[637, 736];[637, 1124];[637, 594034];*
656;[637, 736];[637, 1124];[637, 594034];*
658;[637, 736];[637, 1124];[637, 594034];*
660;[637, 736];[637, 1124];[637, 594034];*
662;[637, 736];[637, 1124];[637, 594034];*
665;[637, 736];[637, 1124];[637, 594034];*
668;[637, 736];[637, 1124];[637, 594034];*
669;[637, 736];[637, 1124];[637, 594034];*
672;[637, 736];[637, 1124];[637, 594034];*
674;[637, 736];[637, 1124];[637, 594034];*
676;[637, 736];[637, 1124];[637, 594034];*
679;[637, 736];[637, 1124];[637, 594034];*
680;[637, 736];[637, 1124];[637, 594034];*
681;[637, 736];[637, 1124];[637, 594034];*
682;[637, 736];[637, 1124];[637, 594034];*
684;[637, 736];[637, 1124];[637, 594034];*
685;[637, 736];[637, 1124];[637, 594034];*
686;[637, 736];[637, 1124];[637, 594034];*
692;[637, 736];[637, 1124];[637, 594034];*
693;[637, 736];[637, 1124];[637, 594034];*
694;[637, 736];[637, 1124];[637, 594034];*
696;[637, 736];[637, 1124];[637, 594034];*
702;[637, 736];[637, 1124];[637, 594034];*
705;[637, 736];[637, 1124];[637, 594034];*
707;[637, 736];[637, 1124];[637, 594034];*
710;[637, 736];[637, 1124];[637, 594034];*
712;[637, 736];[637, 1124];[637, 594034];*
715;[637, 736];[637, 1124];[637, 594034];*
721;[637, 736];[637, 1124];[637, 594034];*
723;[637, 736];[637, 1124];[637, 594034];*
727;[637, 736];[637, 1124];[637, 594034];*
728;[637, 736];[637, 1124];[637, 594034];*
730;[637, 736];[637, 1124];[637, 594034];*
732;[637, 736];[637, 1124];[637, 594034];*
736;[637, 736];[637, 1124];[637, 594034];*
737;[737, 850];[637, 1124];[637, 594034];*
740;[737, 850];[637, 1124];[637, 594034];*
741;[737, 850];[637, 1124];[637, 594034];*
742;[737, 850];[637, 1124];[637, 594034];*
744;[737, 850];[637, 1124];[637, 594034];*
746;[737, 850];[637, 1124];[637, 594034];*
751;[737, 850];[637, 1124];[637, 594034];*
752;[737, 850];[637, 1124];[637, 594034];*
754;[737, 850];[637, 1124];[637, 594034];*
758;[737, 850];[637, 1124];[637, 594034];*
762;[737, 850];[637, 1124];[637, 594034];*
764;[737, 850];[637, 1124];[637, 594034];*
768;[737, 850];[637, 1124];[637, 594034];*
775;[737, 850];[637, 1124];[637, 594034];*
778;[737, 850];[637, 1124];[637, 594034];*
779;[737, 850];[637, 1124];[637, 594034];*
782;[737, 850];[637, 1124];[637, 594034];*
783;[737, 850];[637, 1124];[637, 594034];*
785;[737, 850];[637, 1124];[637, 594034];*
786;[737, 850];[637, 1124];[637, 594034];*
790;[737, 850];[637, 1124];[637, 594034];*
791;[737, 850];[637, 1124];[637, 594034];*
792;[737, 850];[637, 1124];[637, 594034];*
793;[737, 850];[637, 1124];[637, 594034];*
795;[737, 850];[637, 1124];[637, 594034];*
800;[737, 850];[637, 1124];[637, 594034];*
806;[737, 850];[637, 1124];[637, 594034];*
810;[737, 850];[637, 1124];[637, 594034];*
812;[737, 850];[637, 1124];[637, 594034];*
814;[737, 850];[637, 1124];[637, 594034];*
818;[737, 850];[637, 1124];[637, 594034];*
821;[737, 850];[637, 1124];[637, 594034];*
822;[737, 850];[637, 1124];[637, 594034];*
825;[737, 850];[637, 1124];[637, 594034];*
826;[737, 850];[637, 1124];[637, 594034];*
828;[737, 850];[637, 1124];[637, 594034];*
831;[737, 850];[637, 1124];[637, 594034];*
832;[737, 850];[637, 1124];[637, 594034];*
834;[737, 850];[637, 1124];[637, 594034];*
839;[737, 850];[637, 1124];[637, 594034];*
840;[737, 850];[637, 1124];[637, 594034];*
843;[737, 850];[637, 1124];[637, 594034];*
844;[737, 850];[637, 1124];[637, 594034];*
848;[737, 850];[637, 1124];[637, 594034];*
850;[737, 850];[637, 1124];[637, 594034];*
851;[851, 969];[637, 1124];[637, 594034];*
853;[851, 969];[637, 1124];[637, 594034];*
857;[851, 969];[637, 1124];[637, 594034];*
859;[851, 969];[637, 1124];[637, 594034];*
863;[851, 969];[637, 1124];[637, 594034];*
864;[851, 969];[637, 1124];[637, 594034];*
866;[851, 969];[637, 1124];[637, 594034];*
868;[851, 969];[637, 1124];[637, 594034];*
871;[851, 969];[637, 1124];[637, 594034];*
872;[851, 969];[637, 1124];[637, 594034];*
873;[851, 969];[637, 1124];[637, 594034];*
874;[851, 969];[637, 1124];[637, 594034];*
877;[851, 969];[637, 1124];[637, 594034];*
882;[851, 969];[637, 1124];[637, 594034];*
885;[851, 969];[637, 1124];[637, 594034];*
886;[851, 969];[637, 1124];[637, 594034];*
887;[851, 969];[637, 1124];[637, 594034];*
888;[851, 969];[637, 1124];[637, 594034];*
890;[851, 969];[637, 1124];[637, 594034];*
891;[851, 969];[637, 1124];[637, 594034];*
898;[851, 969];[637, 1124];[637, 594034];*
899;[851, 969];[637, 1124];[637, 594034];*
900;[851, 969];[637, 1124];[637, 594034];*
902;[851, 969];[637, 1124];[637, 594034];*
903;[851, 969];[637, 1124];[637, 594034];*
908;[851, 969];[637, 1124];[637, 594034];*
909;[851, 969];[637, 1124];[637, 594034];*
917;[851, 969];[637, 1124];[637, 594034];*
919;[851, 969];[637, 1124];[637, 594034];*
922;[851, 969];[637, 1124];[637, 594034];*
924;[851, 969];[637, 1124];[637, 594034];*
936;[851, 969];[637, 1124];[637, 594034];*
938;[851, 969];[637, 1124];[637, 594034];*
940;[851, 969];[637, 1124];[637, 594034];*
941;[851, 969];[637, 1124];[637, 594034];*
943;[851, 969];[637, 1124];[637, 594034];*
944;[851, 969];[637, 1124];[637, 594034];*
947;[851, 969];[637, 1124];[637, 594034];*
949;[851, 969];[637, 1124];[637, 594034];*
952;[851, 969];[637, 1124];[637, 594034];*
956;[851, 969];[637, 1124];[637, 594034];*
959;[851, 969];[637, 1124];[637, 594034];*
965;[851, 969];[637, 1124];[637, 594034];*
967;[851, 969];[637, 1124];[637, 594034];*
969;[851, 969];[637, 1124];[637, 594034];*
972;[972, 1124];[637, 1124];[637, 594034];*
973;[972, 1124];[637, 1124];[637, 594034];*
974;[972, 1124];[637, 1124];[637, 594034];*
979;[972, 1124];[637, 1124];[637, 594034];*
985;[972, 1124];[637, 1124];[637, 594034];*
986;[972, 1124];[637, 1124];[637, 594034];*
988;[972, 1124];[637, 1124];[637, 594034];*
989;[972, 1124];[637, 1124];[637, 594034];*
992;[972, 1124];[637, 1124];[637, 594034];*
994;[972, 1124];[637, 1124];[637, 594034];*
995;[972, 1124];[637, 1124];[637, 594034];*
996;[972, 1124];[637, 1124];[637, 594034];*
997;[972, 1124];[637, 1124];[637, 594034];*
1004;[972, 1124];[637, 1124];[637, 594034];*
1005;[972, 1124];[637, 1124];[637, 594034];*
1008;[972, 1124];[637, 1124];[637, 594034];*
1013;[972, 1124];[637, 1124];[637, 594034];*
1016;[972, 1124];[637, 1124];[637, 594034];*
1017;[972, 1124];[637, 1124];[637, 594034];*
1018;[972, 1124];[637, 1124];[637, 594034];*
1019;[972, 1124];[637, 1124];[637, 594034];*
1023;[972, 1124];[637, 1124];[637, 594034];*
1026;[972, 1124];[637, 1124];[637, 594034];*
1029;[972, 1124];[637, 1124];[637, 594034];*
1031;[972, 1124];[637, 1124];[637, 594034];*
1033;[972, 1124];[637, 1124];[637, 594034];*
1037;[972, 1124];[637, 1124];[637, 594034];*
1038;[972, 1124];[637, 1124];[637, 594034];*
1040;[972, 1124];[637, 1124];[637, 594034];*
1042;[972, 1124];[637, 1124];[637, 594034];*
1046;[972, 1124];[637, 1124];[637, 594034];*
1049;[972, 1124];[637, 1124];[637, 594034];*
1055;[972, 1124];[637, 1124];[637, 594034];*
1063;[972, 1124];[637, 1124];[637, 594034];*
1064;[972, 1124];[637, 1124];[637, 594034];*
1075;[972, 1124];[637, 1124];[637, 594034];*
1079;[972, 1124];[637, 1124];[637, 594034];*
1084;[972, 1124];[637, 1124];[637, 594034];*
1092;[972, 1124];[637, 1124];[637, 594034];*
1094;[972, 1124];[637, 1124];[637, 594034];*
1097;[972, 1124];[637, 1124];[637, 594034];*
1098;[972, 1124];[637, 1124];[637, 594034];*
1102;[972, 1124];[637, 1124];[637, 594034];*
1103;[972, 1124];[637, 1124];[637, 594034];*
1119;[972, 1124];[637, 1124];[637, 594034];*
1123;[972, 1124];[637, 1124];[637, 594034];*
1124;[972, 1124];[637, 1124];[637, 594034];*
1125;[1125, 1314];[1125, 2767];[637, 594034];*
1126;[1125, 1314];[1125, 2767];[637, 594034];*
1130;[1125, 1314];[1125, 2767];[637, 594034];*
1132;[1125, 1314];[1125, 2767];[637, 594034];*
1139;[1125, 1314];[1125, 2767];[637, 594034];*
1152;[1125, 1314];[1125, 2767];[637, 594034];*
1154;[1125, 1314];[1125, 2767];[637, 594034];*
1155;[1125, 1314];[1125, 2767];[637, 594034];*
1160;[1125, 1314];[1125, 2767];[637, 594034];*
1164;[1125, 1314];[1125, 2767];[637, 594034];*
1168;[1125, 1314];[1125, 2767];[637, 594034];*
1170;[1125, 1314];[1125, 2767];[637, 594034];*
1171;[1125, 1314];[1125, 2767];[637, 594034];*
1172;[1125, 1314];[1125, 2767];[637, 594034];*
1173;[1125, 1314];[1125, 2767];[637, 594034];*
1177;[1125, 1314];[1125, 2767];[637, 594034];*
1178;[1125, 1314];[1125, 2767];[637, 594034];*
1195;[1125, 1314];[1125, 2767];[637, 594034];*
1196;[1125, 1314];[1125, 2767];[637, 594034];*
1197;[1125, 1314];[1125, 2767];[637, 594034];*
1198;[1125, 1314];[1125, 2767];[637, 594034];*
1201;[1125, 1314];[1125, 2767];[637, 594034];*
1208;[1125, 1314];[1125, 2767];[637, 594034];*
1209;[1125, 1314];[1125, 2767];[637, 594034];*
1210;[1125, 1314];[1125, 2767];[637, 594034];*
1223;[1125, 1314];[1125, 2767];[637, 594034];*
1231;[1125, 1314];[1125, 2767];[637, 594034];*
1232;[1125, 1314];[1125, 2767];[637, 594034];*
1233;[1125, 1314];[1125, 2767];[637, 594034];*
1237;[1125, 1314];[1125, 2767];[637, 594034];*
1244;[1125, 1314];[1125, 2767];[637, 594034];*
1245;[1125, 1314];[1125, 2767];[637, 594034];*
1260;[1125, 1314];[1125, 2767];[637, 594034];*
1264;[1125, 1314];[1125, 2767];[637, 594034];*
1266;[1125, 1314];[1125, 2767];[637, 594034];*
1273;[1125, 1314];[1125, 2767];[637, 594034];*
1274;[1125, 1314];[1125, 2767];[637, 594034];*
1278;[1125, 1314];[1125, 2767];[637, 594034];*
1284;[1125, 1314];[1125, 2767];[637, 594034];*
1289;[1125, 1314];[1125, 2767];[637, 594034];*
1293;[1125, 1314];[1125, 2767];[637, 594034];*
1298;[1125, 1314];[1125, 2767];[637, 594034];*
1301;[1125, 1314];[1125, 2767];[637, 594034];*
1307;[1125, 1314];[1125, 2767];[637, 594034];*
1314;[1125, 1314];[1125, 2767];[637, 594034];*
1320;[1320, 1601];[1125, 2767];[637, 594034];*
1321;[1320, 1601];[1125, 2767];[637, 594034];*
1327;[1320, 1601];[1125, 2767];[637, 594034];*
1331;[1320, 1601];[1125, 2767];[637, 594034];*
1349;[1320, 1601];[1125, 2767];[637, 594034];*
1352;[1320, 1601];[1125, 2767];[637, 594034];*
1356;[1320, 1601];[1125, 2767];[637, 594034];*
1358;[1320, 1601];[1125, 2767];[637, 594034];*
1361;[1320, 1601];[1125, 2767];[637, 594034];*
1369;[1320, 1601];[1125, 2767];[637, 594034];*
1370;[1320, 1601];[1125, 2767];[637, 594034];*
1378;[1320, 1601];[1125, 2767];[637, 594034];*
1382;[1320, 1601];[1125, 2767];[637, 594034];*
1387;[1320, 1601];[1125, 2767];[637, 594034];*
1389;[1320, 1601];[1125, 2767];[637, 594034];*
1397;[1320, 1601];[1125, 2767];[637, 594034];*
1405;[1320, 1601];[1125, 2767];[637, 594034];*
1413;[1320, 1601];[1125, 2767];[637, 594034];*
1415;[1320, 1601];[1125, 2767];[637, 594034];*
1417;[1320, 1601];[1125, 2767];[637, 594034];*
1420;[1320, 1601];[1125, 2767];[637, 594034];*
1422;[1320, 1601];[1125, 2767];[637, 594034];*
1423;[1320, 1601];[1125, 2767];[637, 594034];*
1427;[1320, 1601];[1125, 2767];[637, 594034];*
1434;[1320, 1601];[1125, 2767];[637, 594034];*
1447;[1320, 1601];[1125, 2767];[637, 594034];*
1456;[1320, 1601];[1125, 2767];[637, 594034];*
1458;[1320, 1601];[1125, 2767];[637, 594034];*
1459;[1320, 1601];[1125, 2767];[637, 594034];*
1473;[1320, 1601];[1125, 2767];[637, 594034];*
1478;[1320, 1601];[1125, 2767];[637, 594034];*
1484;[1320, 1601];[1125, 2767];[637, 594034];*
1486;[1320, 1601];[1125, 2767];[637, 594034];*
1497;[1320, 1601];[1125, 2767];[637, 594034];*
1510;[1320, 1601];[1125, 2767];[637, 594034];*
1515;[1320, 1601];[1125, 2767];[637, 594034];*
1532;[1320, 1601];[1125, 2767];[637, 594034];*
1556;[1320, 1601];[1125, 2767];[637, 594034];*
1568;[1320, 1601];[1125, 2767];[637, 594034];*
1570;[1320, 1601];[1125, 2767];[637, 594034];*
1583;[1320, 1601];[1125, 2767];[637, 594034];*
1588;[1320, 1601];[1125, 2767];[637, 594034];*
1598;[1320, 1601];[1125, 2767];[637, 594034];*
1600;[1320, 1601];[1125, 2767];[637, 594034];*
1601;[1320, 1601];[1125, 2767];[637, 594034];*
1607;[1607, 1995];[1125, 2767];[637, 594034];*
1611;[1607, 1995];[1125, 2767];[637, 594034];*
1619;[1607, 1995];[1125, 2767];[637, 594034];*
1623;[1607, 1995];[1125, 2767];[637, 594034];*
1624;[1607, 1995];[1125, 2767];[637, 594034];*
1627;[1607, 1995];[1125, 2767];[637, 594034];*
1640;[1607, 1995];[1125, 2767];[637, 594034];*
1649;[1607, 1995];[1125, 2767];[637, 594034];*
1660;[1607, 1995];[1125, 2767];[637, 594034];*
1665;[1607, 1995];[1125, 2767];[637, 594034];*
1674;[1607, 1995];[1125, 2767];[637, 594034];*
1675;[1607, 1995];[1125, 2767];[637, 594034];*
1677;[1607, 1995];[1125, 2767];[637, 594034];*
1678;[1607, 1995];[1125, 2767];[637, 594034];*
1686;[1607, 1995];[1125, 2767];[637, 594034];*
1690;[1607, 1995];[1125, 2767];[637, 594034];*
1703;[1607, 1995];[1125, 2767];[637, 594034];*
1731;[1607, 1995];[1125, 2767];[637, 594034];*
1738;[1607, 1995];[1125, 2767];[637, 594034];*
1763;[1607, 1995];[1125, 2767];[637, 594034];*
1765;[1607, 1995];[1125, 2767];[637, 594034];*
1786;[1607, 1995];[1125, 2767];[637, 594034];*
1795;[1607, 1995];[1125, 2767];[637, 594034];*
1797;[1607, 1995];[1125, 2767];[637, 594034];*
1805;[1607, 1995];[1125, 2767];[637, 594034];*
1813;[1607, 1995];[1125, 2767];[637, 594034];*
1820;[1607, 1995];[1125, 2767];[637, 594034];*
1838;[1607, 1995];[1125, 2767];[637, 594034];*
1844;[1607, 1995];[1125, 2767];[637, 594034];*
1849;[1607, 1995];[1125, 2767];[637, 594034];*
1850;[1607, 1995];[1125, 2767];[637, 594034];*
1851;[1607, 1995];[1125, 2767];[637, 594034];*
1852;[1607, 1995];[1125, 2767];[637, 594034];*
1862;[1607, 1995];[1125, 2767];[637, 594034];*
1864;[1607, 1995];[1125, 2767];[637, 594034];*
1868;[1607, 1995];[1125, 2767];[637, 594034];*
1889;[1607, 1995];[1125, 2767];[637, 594034];*
1912;[1607, 1995];[1125, 2767];[637, 594034];*
1921;[1607, 1995];[1125, 2767];[637, 594034];*
1933;[1607, 1995];[1125, 2767];[637, 594034];*
1943;[1607, 1995];[1125, 2767];[637, 594034];*
1970;[1607, 1995];[1125, 2767];[637, 594034];*
1972;[1607, 1995];[1125, 2767];[637, 594034];*
1983;[1607, 1995];[1125, 2767];[637, 594034];*
1995;[1607, 1995];[1125, 2767];[637, 594034];*
2000;[2000, 2767];[1125, 2767];[637, 594034];*
2031;[2000, 2767];[1125, 2767];[637, 594034];*
2078;[2000, 2767];[1125, 2767];[637, 594034];*
2087;[2000, 2767];[1125, 2767];[637, 594034];*
2098;[2000, 2767];[1125, 2767];[637, 594034];*
2103;[2000, 2767];[1125, 2767];[637, 594034];*
2141;[2000, 2767];[1125, 2767];[637, 594034];*
2168;[2000, 2767];[1125, 2767];[637, 594034];*
2176;[2000, 2767];[1125, 2767];[637, 594034];*
2198;[2000, 2767];[1125, 2767];[637, 594034];*
2202;[2000, 2767];[1125, 2767];[637, 594034];*
2212;[2000, 2767];[1125, 2767];[637, 594034];*
2243;[2000, 2767];[1125, 2767];[637, 594034];*
2245;[2000, 2767];[1125, 2767];[637, 594034];*
2260;[2000, 2767];[1125, 2767];[637, 594034];*
2315;[2000, 2767];[1125, 2767];[637, 594034];*
2360;[2000, 2767];[1125, 2767];[637, 594034];*
2370;[2000, 2767];[1125, 2767];[637, 594034];*
2382;[2000, 2767];[1125, 2767];[637, 594034];*
2390;[2000, 2767];[1125, 2767];[637, 594034];*
2401;[2000, 2767];[1125, 2767];[637, 594034];*
2416;[2000, 2767];[1125, 2767];[637, 594034];*
2434;[2000, 2767];[1125, 2767];[637, 594034];*
2447;[2000, 2767];[1125, 2767];[637, 594034];*
2448;[2000, 2767];[1125, 2767];[637, 594034];*
2451;[2000, 2767];[1125, 2767];[637, 594034];*
2465;[2000, 2767];[1125, 2767];[637, 594034];*
2477;[2000, 2767];[1125, 2767];[637, 594034];*
2488;[2000, 2767];[1125, 2767];[637, 594034];*
2490;[2000, 2767];[1125, 2767];[637, 594034];*
2491;[2000, 2767];[1125, 2767];[637, 594034];*
2540;[2000, 2767];[1125, 2767];[637, 594034];*
2555;[2000, 2767];[1125, 2767];[637, 594034];*
2562;[2000, 2767];[1125, 2767];[637, 594034];*
2589;[2000, 2767];[1125, 2767];[637, 594034];*
2607;[2000, 2767];[1125, 2767];[637, 594034];*
2667;[2000, 2767];[1125, 2767];[637, 594034];*
2670;[2000, 2767];[1125, 2767];[637, 594034];*
2676;[2000, 2767];[1125, 2767];[637, 594034];*
2678;[2000, 2767];[1125, 2767];[637, 594034];*
2694;[2000, 2767];[1125, 2767];[637, 594034];*
2701;[2000, 2767];[1125, 2767];[637, 594034];*
2708;[2000, 2767];[1125, 2767];[637, 594034];*
2718;[2000, 2767];[1125, 2767];[637, 594034];*
2720;[2000, 2767];[1125, 2767];[637, 594034];*
2757;[2000, 2767];[1125, 2767];[637, 594034];*
2767;[2000, 2767];[1125, 2767];[637, 594034];*
2768;[2768, 3991];[2768, 594034];[637, 594034];*
2800;[2768, 3991];[2768, 594034];[637, 594034];*
2838;[2768, 3991];[2768, 594034];[637, 594034];*
2879;[2768, 3991];[2768, 594034];[637, 594034];*
2906;[2768, 3991];[2768, 594034];[637, 594034];*
2922;[2768, 3991];[2768, 594034];[637, 594034];*
2923;[2768, 3991];[2768, 594034];[637, 594034];*
2952;[2768, 3991];[2768, 594034];[637, 594034];*
3022;[2768, 3991];[2768, 594034];[637, 594034];*
3127;[2768, 3991];[2768, 594034];[637, 594034];*
3201;[2768, 3991];[2768, 594034];[637, 594034];*
3204;[2768, 3991];[2768, 594034];[637, 594034];*
3220;[2768, 3991];[2768, 594034];[637, 594034];*
3226;[2768, 3991];[2768, 594034];[637, 594034];*
3281;[2768, 3991];[2768, 594034];[637, 594034];*
3291;[2768, 3991];[2768, 594034];[637, 594034];*
3300;[2768, 3991];[2768, 594034];[637, 594034];*
3336;[2768, 3991];[2768, 594034];[637, 594034];*
3346;[2768, 3991];[2768, 594034];[637, 594034];*
3351;[2768, 3991];[2768, 594034];[637, 594034];*
3355;[2768, 3991];[2768, 594034];[637, 594034];*
3365;[2768, 3991];[2768, 594034];[637, 594034];*
3384;[2768, 3991];[2768, 594034];[637, 594034];*
3402;[2768, 3991];[2768, 594034];[637, 594034];*
3406;[2768, 3991];[2768, 594034];[637, 594034];*
3480;[2768, 3991];[2768, 594034];[637, 594034];*
3483;[2768, 3991];[2768, 594034];[637, 594034];*
3494;[2768, 3991];[2768, 594034];[637, 594034];*
3534;[2768, 3991];[2768, 594034];[637, 594034];*
3559;[2768, 3991];[2768, 594034];[637, 594034];*
3583;[2768, 3991];[2768, 594034];[637, 594034];*
3591;[2768, 3991];[2768, 594034];[637, 594034];*
3726;[2768, 3991];[2768, 594034];[637, 594034];*
3733;[2768, 3991];[2768, 594034];[637, 594034];*
3744;[2768, 3991];[2768, 594034];[637, 594034];*
3761;[2768, 3991];[2768, 594034];[637, 594034];*
3825;[2768, 3991];[2768, 594034];[637, 594034];*
3886;[2768, 3991];[2768, 594034];[637, 594034];*
3909;[2768, 3991];[2768, 594034];[637, 594034];*
3915;[2768, 3991];[2768, 594034];[637, 594034];*
3933;[2768, 3991];[2768, 594034];[637, 594034];*
3935;[2768, 3991];[2768, 594034];[637, 594034];*
3961;[2768, 3991];[2768, 594034];[637, 594034];*
3990;[2768, 3991];[2768, 594034];[637, 594034];*
3991;[2768, 3991];[2768, 594034];[637, 594034];*
4004;[4004, 15109];[2768, 594034];[637, 594034];*
4009;[4004, 15109];[2768, 594034];[637, 594034];*
4015;[4004, 15109];[2768, 594034];[637, 594034];*
4062;[4004, 15109];[2768, 594034];[637, 594034];*
4078;[4004, 15109];[2768, 594034];[637, 594034];*
4079;[4004, 15109];[2768, 594034];[637, 594034];*
4139;[4004, 15109];[2768, 594034];[637, 594034];*
4140;[4004, 15109];[2768, 594034];[637, 594034];*
4172;[4004, 15109];[2768, 594034];[637, 594034];*
4226;[4004, 15109];[2768, 594034];[637, 594034];*
4333;[4004, 15109];[2768, 594034];[637, 594034];*
4510;[4004, 15109];[2768, 594034];[637, 594034];*
4608;[4004, 15109];[2768, 594034];[637, 594034];*
4704;[4004, 15109];[2768, 594034];[637, 594034];*
4721;[4004, 15109];[2768, 594034];[637, 594034];*
4837;[4004, 15109];[2768, 594034];[637, 594034];*
5257;[4004, 15109];[2768, 594034];[637, 594034];*
5357;[4004, 15109];[2768, 594034];[637, 594034];*
5547;[4004, 15109];[2768, 594034];[637, 594034];*
5747;[4004, 15109];[2768, 594034];[637, 594034];*
5870;[4004, 15109];[2768, 594034];[637, 594034];*
5878;[4004, 15109];[2768, 594034];[637, 594034];*
5939;[4004, 15109];[2768, 594034];[637, 594034];*
6104;[4004, 15109];[2768, 594034];[637, 594034];*
6152;[4004, 15109];[2768, 594034];[637, 594034];*
6304;[4004, 15109];[2768, 594034];[637, 594034];*
6409;[4004, 15109];[2768, 594034];[637, 594034];*
6789;[4004, 15109];[2768, 594034];[637, 594034];*
7081;[4004, 15109];[2768, 594034];[637, 594034];*
7183;[4004, 15109];[2768, 594034];[637, 594034];*
7201;[4004, 15109];[2768, 594034];[637, 594034];*
7271;[4004, 15109];[2768, 594034];[637, 594034];*
7304;[4004, 15109];[2768, 594034];[637, 594034];*
9296;[4004, 15109];[2768, 594034];[637, 594034];*
9303;[4004, 15109];[2768, 594034];[637, 594034];*
9408;[4004, 15109];[2768, 594034];[637, 594034];*
10654;[4004, 15109];[2768, 594034];[637, 594034];*
10672;[4004, 15109];[2768, 594034];[637, 594034];*
10892;[4004, 15109];[2768, 594034];[637, 594034];*
12295;[4004, 15109];[2768, 594034];[637, 594034];*
12403;[4004, 15109];[2768, 594034];[637, 594034];*
13786;[4004, 15109];[2768, 594034];[637, 594034];*
14376;[4004, 15109];[2768, 594034];[637, 594034];*
14484;[4004, 15109];[2768, 594034];[637, 594034];*
15109;[4004, 15109];[2768, 594034];[637, 594034];*
15449;[15449, 1310];[2768, 594034];[637, 594034];*
15618;[15449, 1310];[2768, 594034];[637, 594034];*
15911;[15449, 1310];[2768, 594034];[637, 594034];*
16334;[15449, 1310];[2768, 594034];[637, 594034];*
16714;[15449, 1310];[2768, 594034];[637, 594034];*
17745;[15449, 1310];[2768, 594034];[637, 594034];*
19169;[15449, 1310];[2768, 594034];[637, 594034];*
20326;[15449, 1310];[2768, 594034];[637, 594034];*
23433;[15449, 1310];[2768, 594034];[637, 594034];*
23953;[15449, 1310];[2768, 594034];[637, 594034];*
24498;[15449, 1310];[2768, 594034];[637, 594034];*
24867;[15449, 1310];[2768, 594034];[637, 594034];*
34612;[15449, 1310];[2768, 594034];[637, 594034];*
39175;[15449, 1310];[2768, 594034];[637, 594034];*
43754;[15449, 1310];[2768, 594034];[637, 594034];*
45594;[15449, 1310];[2768, 594034];[637, 594034];*
45976;[15449, 1310];[2768, 594034];[637, 594034];*
48082;[15449, 1310];[2768, 594034];[637, 594034];*
49880;[15449, 1310];[2768, 594034];[637, 594034];*
127771;[15449, 1310];[2768, 594034];[637, 594034];*
235978;[15449, 1310];[2768, 594034];[637, 594034];*
592498;[15449, 1310];[2768, 594034];[637, 594034];*
;[15449, 1310];[2768, 594034];[637, 594034];*
485;[15449, 1310];[2768, 594034];[637, 594034];*
498;[15449, 1310];[2768, 594034];[637, 594034];*
522;[15449, 1310];[2768, 594034];[637, 594034];*
548;[15449, 1310];[2768, 594034];[637, 594034];*
557;[15449, 1310];[2768, 594034];[637, 594034];*
590;[15449, 1310];[2768, 594034];[637, 594034];*
611;[15449, 1310];[2768, 594034];[637, 594034];*
659;[15449, 1310];[2768, 594034];[637, 594034];*
729;[15449, 1310];[2768, 594034];[637, 594034];*
756;[15449, 1310];[2768, 594034];[637, 594034];*
803;[15449, 1310];[2768, 594034];[637, 594034];*
808;[15449, 1310];[2768, 594034];[637, 594034];*
809;[15449, 1310];[2768, 594034];[637, 594034];*
836;[15449, 1310];[2768, 594034];[637, 594034];*
855;[15449, 1310];[2768, 594034];[637, 594034];*
896;[15449, 1310];[2768, 594034];[637, 594034];*
945;[15449, 1310];[2768, 594034];[637, 594034];*
987;[15449, 1310];[2768, 594034];[637, 594034];*
1120;[15449, 1310];[2768, 594034];[637, 594034];*
1128;[15449, 1310];[2768, 594034];[637, 594034];*
1230;[15449, 1310];[2768, 594034];[637, 594034];*
1310;[15449, 1310];[2768, 594034];[637, 594034];*
1339;[1339, 594034];[2768, 594034];[637, 594034];*
1444;[1339, 594034];[2768, 594034];[637, 594034];*
1446;[1339, 594034];[2768, 594034];[637, 594034];*
1464;[1339, 594034];[2768, 594034];[637, 594034];*
1477;[1339, 594034];[2768, 594034];[637, 594034];*
1529;[1339, 594034];[2768, 594034];[637, 594034];*
1536;[1339, 594034];[2768, 594034];[637, 594034];*
1575;[1339, 594034];[2768, 594034];[637, 594034];*
1579;[1339, 594034];[2768, 594034];[637, 594034];*
1586;[1339, 594034];[2768, 594034];[637, 594034];*
1680;[1339, 594034];[2768, 594034];[637, 594034];*
1721;[1339, 594034];[2768, 594034];[637, 594034];*
1730;[1339, 594034];[2768, 594034];[637, 594034];*
1792;[1339, 594034];[2768, 594034];[637, 594034];*
1863;[1339, 594034];[2768, 594034];[637, 594034];*
1932;[1339, 594034];[2768, 594034];[637, 594034];*
2032;[1339, 594034];[2768, 594034];[637, 594034];*
2077;[1339, 594034];[2768, 594034];[637, 594034];*
2095;[1339, 594034];[2768, 594034];[637, 594034];*
2112;[1339, 594034];[2768, 594034];[637, 594034];*
2201;[1339, 594034];[2768, 594034];[637, 594034];*
2515;[1339, 594034];[2768, 594034];[637, 594034];*
2541;[1339, 594034];[2768, 594034];[637, 594034];*
2563;[1339, 594034];[2768, 594034];[637, 594034];*
3065;[1339, 594034];[2768, 594034];[637, 594034];*
3091;[1339, 594034];[2768, 594034];[637, 594034];*
3124;[1339, 594034];[2768, 594034];[637, 594034];*
3230;[1339, 594034];[2768, 594034];[637, 594034];*
3466;[1339, 594034];[2768, 594034];[637, 594034];*
3902;[1339, 594034];[2768, 594034];[637, 594034];*
3926;[1339, 594034];[2768, 594034];[637, 594034];*
4050;[1339, 594034];[2768, 594034];[637, 594034];*
4222;[1339, 594034];[2768, 594034];[637, 594034];*
4489;[1339, 594034];[2768, 594034];[637, 594034];*
5297;[1339, 594034];[2768, 594034];[637, 594034];*
7140;[1339, 594034];[2768, 594034];[637, 594034];*
7884;[1339, 594034];[2768, 594034];[637, 594034];*
8477;[1339, 594034];[2768, 594034];[637, 594034];*
11829;[1339, 594034];[2768, 594034];[637, 594034];*
11870;[1339, 594034];[2768, 594034];[637, 594034];*
15514;[1339, 594034];[2768, 594034];[637, 594034];*
26256;[1339, 594034];[2768, 594034];[637, 594034];*
55889;[1339, 594034];[2768, 594034];[637, 594034];*
62914;[1339, 594034];[2768, 594034];[637, 594034];*
114918;[1339, 594034];[2768, 594034];[637, 594034];*
168280;[1339, 594034];[2768, 594034];[637, 594034];*
594034;[1339, 594034];[2768, 594034];[637, 594034];*
