1;[1,49];[1,199];[1,723];[1,845]
2;[1,49];[1,199];[1,723];[1,845]
3;[1,49];[1,199];[1,723];[1,845]
4;[1,49];[1,199];[1,723];[1,845]
5;[1,49];[1,199];[1,723];[1,845]
6;[1,49];[1,199];[1,723];[1,845]
7;[1,49];[1,199];[1,723];[1,845]
8;[1,49];[1,199];[1,723];[1,845]
9;[1,49];[1,199];[1,723];[1,845]
10;[1,49];[1,199];[1,723];[1,845]
11;[1,49];[1,199];[1,723];[1,845]
12;[1,49];[1,199];[1,723];[1,845]
13;[1,49];[1,199];[1,723];[1,845]
14;[1,49];[1,199];[1,723];[1,845]
15;[1,49];[1,199];[1,723];[1,845]
16;[1,49];[1,199];[1,723];[1,845]
17;[1,49];[1,199];[1,723];[1,845]
18;[1,49];[1,199];[1,723];[1,845]
19;[1,49];[1,199];[1,723];[1,845]
20;[1,49];[1,199];[1,723];[1,845]
21;[1,49];[1,199];[1,723];[1,845]
22;[1,49];[1,199];[1,723];[1,845]
23;[1,49];[1,199];[1,723];[1,845]
24;[1,49];[1,199];[1,723];[1,845]
25;[1,49];[1,199];[1,723];[1,845]
26;[1,49];[1,199];[1,723];[1,845]
27;[1,49];[1,199];[1,723];[1,845]
28;[1,49];[1,199];[1,723];[1,845]
29;[1,49];[1,199];[1,723];[1,845]
30;[1,49];[1,199];[1,723];[1,845]
31;[1,49];[1,199];[1,723];[1,845]
32;[1,49];[1,199];[1,723];[1,845]
33;[1,49];[1,199];[1,723];[1,845]
34;[1,49];[1,199];[1,723];[1,845]
35;[1,49];[1,199];[1,723];[1,845]
36;[1,49];[1,199];[1,723];[1,845]
37;[1,49];[1,199];[1,723];[1,845]
38;[1,49];[1,199];[1,723];[1,845]
39;[1,49];[1,199];[1,723];[1,845]
40;[1,49];[1,199];[1,723];[1,845]
41;[1,49];[1,199];[1,723];[1,845]
42;[1,49];[1,199];[1,723];[1,845]
43;[1,49];[1,199];[1,723];[1,845]
44;[1,49];[1,199];[1,723];[1,845]
45;[1,49];[1,199];[1,723];[1,845]
46;[1,49];[1,199];[1,723];[1,845]
47;[1,49];[1,199];[1,723];[1,845]
48;[1,49];[1,199];[1,723];[1,845]
49;[1,49];[1,199];[1,723];[1,845]
50;[50,99];[1,199];[1,723];[1,845]
51;[50,99];[1,199];[1,723];[1,845]
52;[50,99];[1,199];[1,723];[1,845]
53;[50,99];[1,199];[1,723];[1,845]
54;[50,99];[1,199];[1,723];[1,845]
55;[50,99];[1,199];[1,723];[1,845]
56;[50,99];[1,199];[1,723];[1,845]
57;[50,99];[1,199];[1,723];[1,845]
58;[50,99];[1,199];[1,723];[1,845]
59;[50,99];[1,199];[1,723];[1,845]
60;[50,99];[1,199];[1,723];[1,845]
61;[50,99];[1,199];[1,723];[1,845]
62;[50,99];[1,199];[1,723];[1,845]
63;[50,99];[1,199];[1,723];[1,845]
64;[50,99];[1,199];[1,723];[1,845]
65;[50,99];[1,199];[1,723];[1,845]
66;[50,99];[1,199];[1,723];[1,845]
67;[50,99];[1,199];[1,723];[1,845]
68;[50,99];[1,199];[1,723];[1,845]
69;[50,99];[1,199];[1,723];[1,845]
70;[50,99];[1,199];[1,723];[1,845]
71;[50,99];[1,199];[1,723];[1,845]
72;[50,99];[1,199];[1,723];[1,845]
73;[50,99];[1,199];[1,723];[1,845]
74;[50,99];[1,199];[1,723];[1,845]
75;[50,99];[1,199];[1,723];[1,845]
76;[50,99];[1,199];[1,723];[1,845]
77;[50,99];[1,199];[1,723];[1,845]
78;[50,99];[1,199];[1,723];[1,845]
79;[50,99];[1,199];[1,723];[1,845]
80;[50,99];[1,199];[1,723];[1,845]
81;[50,99];[1,199];[1,723];[1,845]
82;[50,99];[1,199];[1,723];[1,845]
83;[50,99];[1,199];[1,723];[1,845]
84;[50,99];[1,199];[1,723];[1,845]
85;[50,99];[1,199];[1,723];[1,845]
86;[50,99];[1,199];[1,723];[1,845]
87;[50,99];[1,199];[1,723];[1,845]
88;[50,99];[1,199];[1,723];[1,845]
89;[50,99];[1,199];[1,723];[1,845]
90;[50,99];[1,199];[1,723];[1,845]
91;[50,99];[1,199];[1,723];[1,845]
92;[50,99];[1,199];[1,723];[1,845]
93;[50,99];[1,199];[1,723];[1,845]
94;[50,99];[1,199];[1,723];[1,845]
95;[50,99];[1,199];[1,723];[1,845]
96;[50,99];[1,199];[1,723];[1,845]
97;[50,99];[1,199];[1,723];[1,845]
98;[50,99];[1,199];[1,723];[1,845]
99;[50,99];[1,199];[1,723];[1,845]
100;[100,149];[1,199];[1,723];[1,845]
101;[100,149];[1,199];[1,723];[1,845]
102;[100,149];[1,199];[1,723];[1,845]
103;[100,149];[1,199];[1,723];[1,845]
104;[100,149];[1,199];[1,723];[1,845]
105;[100,149];[1,199];[1,723];[1,845]
106;[100,149];[1,199];[1,723];[1,845]
107;[100,149];[1,199];[1,723];[1,845]
108;[100,149];[1,199];[1,723];[1,845]
109;[100,149];[1,199];[1,723];[1,845]
110;[100,149];[1,199];[1,723];[1,845]
111;[100,149];[1,199];[1,723];[1,845]
112;[100,149];[1,199];[1,723];[1,845]
113;[100,149];[1,199];[1,723];[1,845]
114;[100,149];[1,199];[1,723];[1,845]
115;[100,149];[1,199];[1,723];[1,845]
116;[100,149];[1,199];[1,723];[1,845]
117;[100,149];[1,199];[1,723];[1,845]
118;[100,149];[1,199];[1,723];[1,845]
119;[100,149];[1,199];[1,723];[1,845]
120;[100,149];[1,199];[1,723];[1,845]
121;[100,149];[1,199];[1,723];[1,845]
122;[100,149];[1,199];[1,723];[1,845]
123;[100,149];[1,199];[1,723];[1,845]
124;[100,149];[1,199];[1,723];[1,845]
125;[100,149];[1,199];[1,723];[1,845]
126;[100,149];[1,199];[1,723];[1,845]
127;[100,149];[1,199];[1,723];[1,845]
128;[100,149];[1,199];[1,723];[1,845]
129;[100,149];[1,199];[1,723];[1,845]
130;[100,149];[1,199];[1,723];[1,845]
131;[100,149];[1,199];[1,723];[1,845]
132;[100,149];[1,199];[1,723];[1,845]
133;[100,149];[1,199];[1,723];[1,845]
134;[100,149];[1,199];[1,723];[1,845]
135;[100,149];[1,199];[1,723];[1,845]
136;[100,149];[1,199];[1,723];[1,845]
137;[100,149];[1,199];[1,723];[1,845]
138;[100,149];[1,199];[1,723];[1,845]
139;[100,149];[1,199];[1,723];[1,845]
140;[100,149];[1,199];[1,723];[1,845]
141;[100,149];[1,199];[1,723];[1,845]
142;[100,149];[1,199];[1,723];[1,845]
143;[100,149];[1,199];[1,723];[1,845]
144;[100,149];[1,199];[1,723];[1,845]
145;[100,149];[1,199];[1,723];[1,845]
146;[100,149];[1,199];[1,723];[1,845]
147;[100,149];[1,199];[1,723];[1,845]
148;[100,149];[1,199];[1,723];[1,845]
149;[100,149];[1,199];[1,723];[1,845]
150;[150,199];[1,199];[1,723];[1,845]
151;[150,199];[1,199];[1,723];[1,845]
152;[150,199];[1,199];[1,723];[1,845]
153;[150,199];[1,199];[1,723];[1,845]
154;[150,199];[1,199];[1,723];[1,845]
155;[150,199];[1,199];[1,723];[1,845]
156;[150,199];[1,199];[1,723];[1,845]
157;[150,199];[1,199];[1,723];[1,845]
158;[150,199];[1,199];[1,723];[1,845]
159;[150,199];[1,199];[1,723];[1,845]
160;[150,199];[1,199];[1,723];[1,845]
161;[150,199];[1,199];[1,723];[1,845]
162;[150,199];[1,199];[1,723];[1,845]
163;[150,199];[1,199];[1,723];[1,845]
164;[150,199];[1,199];[1,723];[1,845]
165;[150,199];[1,199];[1,723];[1,845]
166;[150,199];[1,199];[1,723];[1,845]
167;[150,199];[1,199];[1,723];[1,845]
168;[150,199];[1,199];[1,723];[1,845]
169;[150,199];[1,199];[1,723];[1,845]
170;[150,199];[1,199];[1,723];[1,845]
171;[150,199];[1,199];[1,723];[1,845]
172;[150,199];[1,199];[1,723];[1,845]
173;[150,199];[1,199];[1,723];[1,845]
174;[150,199];[1,199];[1,723];[1,845]
175;[150,199];[1,199];[1,723];[1,845]
176;[150,199];[1,199];[1,723];[1,845]
177;[150,199];[1,199];[1,723];[1,845]
178;[150,199];[1,199];[1,723];[1,845]
179;[150,199];[1,199];[1,723];[1,845]
180;[150,199];[1,199];[1,723];[1,845]
181;[150,199];[1,199];[1,723];[1,845]
182;[150,199];[1,199];[1,723];[1,845]
183;[150,199];[1,199];[1,723];[1,845]
184;[150,199];[1,199];[1,723];[1,845]
185;[150,199];[1,199];[1,723];[1,845]
186;[150,199];[1,199];[1,723];[1,845]
187;[150,199];[1,199];[1,723];[1,845]
188;[150,199];[1,199];[1,723];[1,845]
189;[150,199];[1,199];[1,723];[1,845]
190;[150,199];[1,199];[1,723];[1,845]
191;[150,199];[1,199];[1,723];[1,845]
192;[150,199];[1,199];[1,723];[1,845]
193;[150,199];[1,199];[1,723];[1,845]
194;[150,199];[1,199];[1,723];[1,845]
195;[150,199];[1,199];[1,723];[1,845]
196;[150,199];[1,199];[1,723];[1,845]
197;[150,199];[1,199];[1,723];[1,845]
198;[150,199];[1,199];[1,723];[1,845]
199;[150,199];[1,199];[1,723];[1,845]
200;[200,249];[200,399];[1,723];[1,845]
201;[200,249];[200,399];[1,723];[1,845]
202;[200,249];[200,399];[1,723];[1,845]
203;[200,249];[200,399];[1,723];[1,845]
204;[200,249];[200,399];[1,723];[1,845]
205;[200,249];[200,399];[1,723];[1,845]
206;[200,249];[200,399];[1,723];[1,845]
207;[200,249];[200,399];[1,723];[1,845]
208;[200,249];[200,399];[1,723];[1,845]
209;[200,249];[200,399];[1,723];[1,845]
210;[200,249];[200,399];[1,723];[1,845]
211;[200,249];[200,399];[1,723];[1,845]
212;[200,249];[200,399];[1,723];[1,845]
213;[200,249];[200,399];[1,723];[1,845]
214;[200,249];[200,399];[1,723];[1,845]
215;[200,249];[200,399];[1,723];[1,845]
216;[200,249];[200,399];[1,723];[1,845]
217;[200,249];[200,399];[1,723];[1,845]
218;[200,249];[200,399];[1,723];[1,845]
219;[200,249];[200,399];[1,723];[1,845]
220;[200,249];[200,399];[1,723];[1,845]
221;[200,249];[200,399];[1,723];[1,845]
222;[200,249];[200,399];[1,723];[1,845]
223;[200,249];[200,399];[1,723];[1,845]
224;[200,249];[200,399];[1,723];[1,845]
225;[200,249];[200,399];[1,723];[1,845]
226;[200,249];[200,399];[1,723];[1,845]
227;[200,249];[200,399];[1,723];[1,845]
228;[200,249];[200,399];[1,723];[1,845]
229;[200,249];[200,399];[1,723];[1,845]
230;[200,249];[200,399];[1,723];[1,845]
231;[200,249];[200,399];[1,723];[1,845]
232;[200,249];[200,399];[1,723];[1,845]
233;[200,249];[200,399];[1,723];[1,845]
234;[200,249];[200,399];[1,723];[1,845]
235;[200,249];[200,399];[1,723];[1,845]
236;[200,249];[200,399];[1,723];[1,845]
237;[200,249];[200,399];[1,723];[1,845]
238;[200,249];[200,399];[1,723];[1,845]
239;[200,249];[200,399];[1,723];[1,845]
240;[200,249];[200,399];[1,723];[1,845]
241;[200,249];[200,399];[1,723];[1,845]
242;[200,249];[200,399];[1,723];[1,845]
243;[200,249];[200,399];[1,723];[1,845]
244;[200,249];[200,399];[1,723];[1,845]
245;[200,249];[200,399];[1,723];[1,845]
246;[200,249];[200,399];[1,723];[1,845]
247;[200,249];[200,399];[1,723];[1,845]
248;[200,249];[200,399];[1,723];[1,845]
249;[200,249];[200,399];[1,723];[1,845]
250;[250,299];[200,399];[1,723];[1,845]
251;[250,299];[200,399];[1,723];[1,845]
252;[250,299];[200,399];[1,723];[1,845]
253;[250,299];[200,399];[1,723];[1,845]
254;[250,299];[200,399];[1,723];[1,845]
255;[250,299];[200,399];[1,723];[1,845]
256;[250,299];[200,399];[1,723];[1,845]
257;[250,299];[200,399];[1,723];[1,845]
258;[250,299];[200,399];[1,723];[1,845]
259;[250,299];[200,399];[1,723];[1,845]
260;[250,299];[200,399];[1,723];[1,845]
261;[250,299];[200,399];[1,723];[1,845]
262;[250,299];[200,399];[1,723];[1,845]
263;[250,299];[200,399];[1,723];[1,845]
264;[250,299];[200,399];[1,723];[1,845]
265;[250,299];[200,399];[1,723];[1,845]
266;[250,299];[200,399];[1,723];[1,845]
267;[250,299];[200,399];[1,723];[1,845]
268;[250,299];[200,399];[1,723];[1,845]
269;[250,299];[200,399];[1,723];[1,845]
270;[250,299];[200,399];[1,723];[1,845]
271;[250,299];[200,399];[1,723];[1,845]
272;[250,299];[200,399];[1,723];[1,845]
273;[250,299];[200,399];[1,723];[1,845]
274;[250,299];[200,399];[1,723];[1,845]
275;[250,299];[200,399];[1,723];[1,845]
276;[250,299];[200,399];[1,723];[1,845]
277;[250,299];[200,399];[1,723];[1,845]
278;[250,299];[200,399];[1,723];[1,845]
279;[250,299];[200,399];[1,723];[1,845]
280;[250,299];[200,399];[1,723];[1,845]
281;[250,299];[200,399];[1,723];[1,845]
282;[250,299];[200,399];[1,723];[1,845]
283;[250,299];[200,399];[1,723];[1,845]
284;[250,299];[200,399];[1,723];[1,845]
285;[250,299];[200,399];[1,723];[1,845]
286;[250,299];[200,399];[1,723];[1,845]
287;[250,299];[200,399];[1,723];[1,845]
288;[250,299];[200,399];[1,723];[1,845]
289;[250,299];[200,399];[1,723];[1,845]
290;[250,299];[200,399];[1,723];[1,845]
291;[250,299];[200,399];[1,723];[1,845]
292;[250,299];[200,399];[1,723];[1,845]
293;[250,299];[200,399];[1,723];[1,845]
294;[250,299];[200,399];[1,723];[1,845]
295;[250,299];[200,399];[1,723];[1,845]
296;[250,299];[200,399];[1,723];[1,845]
297;[250,299];[200,399];[1,723];[1,845]
298;[250,299];[200,399];[1,723];[1,845]
299;[250,299];[200,399];[1,723];[1,845]
300;[300,349];[200,399];[1,723];[1,845]
301;[300,349];[200,399];[1,723];[1,845]
302;[300,349];[200,399];[1,723];[1,845]
303;[300,349];[200,399];[1,723];[1,845]
304;[300,349];[200,399];[1,723];[1,845]
305;[300,349];[200,399];[1,723];[1,845]
306;[300,349];[200,399];[1,723];[1,845]
307;[300,349];[200,399];[1,723];[1,845]
308;[300,349];[200,399];[1,723];[1,845]
309;[300,349];[200,399];[1,723];[1,845]
310;[300,349];[200,399];[1,723];[1,845]
311;[300,349];[200,399];[1,723];[1,845]
312;[300,349];[200,399];[1,723];[1,845]
313;[300,349];[200,399];[1,723];[1,845]
314;[300,349];[200,399];[1,723];[1,845]
315;[300,349];[200,399];[1,723];[1,845]
316;[300,349];[200,399];[1,723];[1,845]
317;[300,349];[200,399];[1,723];[1,845]
318;[300,349];[200,399];[1,723];[1,845]
319;[300,349];[200,399];[1,723];[1,845]
320;[300,349];[200,399];[1,723];[1,845]
321;[300,349];[200,399];[1,723];[1,845]
322;[300,349];[200,399];[1,723];[1,845]
323;[300,349];[200,399];[1,723];[1,845]
324;[300,349];[200,399];[1,723];[1,845]
325;[300,349];[200,399];[1,723];[1,845]
326;[300,349];[200,399];[1,723];[1,845]
327;[300,349];[200,399];[1,723];[1,845]
328;[300,349];[200,399];[1,723];[1,845]
329;[300,349];[200,399];[1,723];[1,845]
330;[300,349];[200,399];[1,723];[1,845]
331;[300,349];[200,399];[1,723];[1,845]
332;[300,349];[200,399];[1,723];[1,845]
333;[300,349];[200,399];[1,723];[1,845]
334;[300,349];[200,399];[1,723];[1,845]
335;[300,349];[200,399];[1,723];[1,845]
336;[300,349];[200,399];[1,723];[1,845]
337;[300,349];[200,399];[1,723];[1,845]
338;[300,349];[200,399];[1,723];[1,845]
339;[300,349];[200,399];[1,723];[1,845]
340;[300,349];[200,399];[1,723];[1,845]
341;[300,349];[200,399];[1,723];[1,845]
342;[300,349];[200,399];[1,723];[1,845]
343;[300,349];[200,399];[1,723];[1,845]
344;[300,349];[200,399];[1,723];[1,845]
345;[300,349];[200,399];[1,723];[1,845]
346;[300,349];[200,399];[1,723];[1,845]
347;[300,349];[200,399];[1,723];[1,845]
348;[300,349];[200,399];[1,723];[1,845]
349;[300,349];[200,399];[1,723];[1,845]
350;[350,399];[200,399];[1,723];[1,845]
351;[350,399];[200,399];[1,723];[1,845]
352;[350,399];[200,399];[1,723];[1,845]
353;[350,399];[200,399];[1,723];[1,845]
354;[350,399];[200,399];[1,723];[1,845]
355;[350,399];[200,399];[1,723];[1,845]
356;[350,399];[200,399];[1,723];[1,845]
357;[350,399];[200,399];[1,723];[1,845]
358;[350,399];[200,399];[1,723];[1,845]
359;[350,399];[200,399];[1,723];[1,845]
360;[350,399];[200,399];[1,723];[1,845]
361;[350,399];[200,399];[1,723];[1,845]
362;[350,399];[200,399];[1,723];[1,845]
363;[350,399];[200,399];[1,723];[1,845]
364;[350,399];[200,399];[1,723];[1,845]
365;[350,399];[200,399];[1,723];[1,845]
366;[350,399];[200,399];[1,723];[1,845]
367;[350,399];[200,399];[1,723];[1,845]
368;[350,399];[200,399];[1,723];[1,845]
369;[350,399];[200,399];[1,723];[1,845]
370;[350,399];[200,399];[1,723];[1,845]
371;[350,399];[200,399];[1,723];[1,845]
372;[350,399];[200,399];[1,723];[1,845]
373;[350,399];[200,399];[1,723];[1,845]
374;[350,399];[200,399];[1,723];[1,845]
375;[350,399];[200,399];[1,723];[1,845]
376;[350,399];[200,399];[1,723];[1,845]
377;[350,399];[200,399];[1,723];[1,845]
378;[350,399];[200,399];[1,723];[1,845]
379;[350,399];[200,399];[1,723];[1,845]
380;[350,399];[200,399];[1,723];[1,845]
381;[350,399];[200,399];[1,723];[1,845]
382;[350,399];[200,399];[1,723];[1,845]
383;[350,399];[200,399];[1,723];[1,845]
384;[350,399];[200,399];[1,723];[1,845]
385;[350,399];[200,399];[1,723];[1,845]
386;[350,399];[200,399];[1,723];[1,845]
387;[350,399];[200,399];[1,723];[1,845]
388;[350,399];[200,399];[1,723];[1,845]
389;[350,399];[200,399];[1,723];[1,845]
390;[350,399];[200,399];[1,723];[1,845]
391;[350,399];[200,399];[1,723];[1,845]
392;[350,399];[200,399];[1,723];[1,845]
393;[350,399];[200,399];[1,723];[1,845]
394;[350,399];[200,399];[1,723];[1,845]
395;[350,399];[200,399];[1,723];[1,845]
396;[350,399];[200,399];[1,723];[1,845]
397;[350,399];[200,399];[1,723];[1,845]
398;[350,399];[200,399];[1,723];[1,845]
399;[350,399];[200,399];[1,723];[1,845]
400;[400,449];[400,597];[1,723];[1,845]
401;[400,449];[400,597];[1,723];[1,845]
402;[400,449];[400,597];[1,723];[1,845]
403;[400,449];[400,597];[1,723];[1,845]
404;[400,449];[400,597];[1,723];[1,845]
405;[400,449];[400,597];[1,723];[1,845]
406;[400,449];[400,597];[1,723];[1,845]
407;[400,449];[400,597];[1,723];[1,845]
408;[400,449];[400,597];[1,723];[1,845]
409;[400,449];[400,597];[1,723];[1,845]
410;[400,449];[400,597];[1,723];[1,845]
411;[400,449];[400,597];[1,723];[1,845]
413;[400,449];[400,597];[1,723];[1,845]
414;[400,449];[400,597];[1,723];[1,845]
415;[400,449];[400,597];[1,723];[1,845]
416;[400,449];[400,597];[1,723];[1,845]
417;[400,449];[400,597];[1,723];[1,845]
418;[400,449];[400,597];[1,723];[1,845]
419;[400,449];[400,597];[1,723];[1,845]
420;[400,449];[400,597];[1,723];[1,845]
421;[400,449];[400,597];[1,723];[1,845]
422;[400,449];[400,597];[1,723];[1,845]
423;[400,449];[400,597];[1,723];[1,845]
424;[400,449];[400,597];[1,723];[1,845]
425;[400,449];[400,597];[1,723];[1,845]
426;[400,449];[400,597];[1,723];[1,845]
427;[400,449];[400,597];[1,723];[1,845]
428;[400,449];[400,597];[1,723];[1,845]
429;[400,449];[400,597];[1,723];[1,845]
430;[400,449];[400,597];[1,723];[1,845]
431;[400,449];[400,597];[1,723];[1,845]
432;[400,449];[400,597];[1,723];[1,845]
433;[400,449];[400,597];[1,723];[1,845]
434;[400,449];[400,597];[1,723];[1,845]
435;[400,449];[400,597];[1,723];[1,845]
436;[400,449];[400,597];[1,723];[1,845]
437;[400,449];[400,597];[1,723];[1,845]
438;[400,449];[400,597];[1,723];[1,845]
439;[400,449];[400,597];[1,723];[1,845]
440;[400,449];[400,597];[1,723];[1,845]
441;[400,449];[400,597];[1,723];[1,845]
442;[400,449];[400,597];[1,723];[1,845]
443;[400,449];[400,597];[1,723];[1,845]
445;[400,449];[400,597];[1,723];[1,845]
446;[400,449];[400,597];[1,723];[1,845]
447;[400,449];[400,597];[1,723];[1,845]
448;[400,449];[400,597];[1,723];[1,845]
449;[400,449];[400,597];[1,723];[1,845]
450;[450,499];[400,597];[1,723];[1,845]
451;[450,499];[400,597];[1,723];[1,845]
452;[450,499];[400,597];[1,723];[1,845]
453;[450,499];[400,597];[1,723];[1,845]
454;[450,499];[400,597];[1,723];[1,845]
455;[450,499];[400,597];[1,723];[1,845]
456;[450,499];[400,597];[1,723];[1,845]
457;[450,499];[400,597];[1,723];[1,845]
458;[450,499];[400,597];[1,723];[1,845]
459;[450,499];[400,597];[1,723];[1,845]
460;[450,499];[400,597];[1,723];[1,845]
461;[450,499];[400,597];[1,723];[1,845]
462;[450,499];[400,597];[1,723];[1,845]
463;[450,499];[400,597];[1,723];[1,845]
464;[450,499];[400,597];[1,723];[1,845]
465;[450,499];[400,597];[1,723];[1,845]
466;[450,499];[400,597];[1,723];[1,845]
467;[450,499];[400,597];[1,723];[1,845]
468;[450,499];[400,597];[1,723];[1,845]
469;[450,499];[400,597];[1,723];[1,845]
470;[450,499];[400,597];[1,723];[1,845]
471;[450,499];[400,597];[1,723];[1,845]
472;[450,499];[400,597];[1,723];[1,845]
473;[450,499];[400,597];[1,723];[1,845]
475;[450,499];[400,597];[1,723];[1,845]
477;[450,499];[400,597];[1,723];[1,845]
478;[450,499];[400,597];[1,723];[1,845]
479;[450,499];[400,597];[1,723];[1,845]
481;[450,499];[400,597];[1,723];[1,845]
483;[450,499];[400,597];[1,723];[1,845]
486;[450,499];[400,597];[1,723];[1,845]
487;[450,499];[400,597];[1,723];[1,845]
492;[450,499];[400,597];[1,723];[1,845]
493;[450,499];[400,597];[1,723];[1,845]
495;[450,499];[400,597];[1,723];[1,845]
496;[450,499];[400,597];[1,723];[1,845]
497;[450,499];[400,597];[1,723];[1,845]
498;[450,499];[400,597];[1,723];[1,845]
499;[450,499];[400,597];[1,723];[1,845]
500;[500,549];[400,597];[1,723];[1,845]
501;[500,549];[400,597];[1,723];[1,845]
502;[500,549];[400,597];[1,723];[1,845]
503;[500,549];[400,597];[1,723];[1,845]
504;[500,549];[400,597];[1,723];[1,845]
506;[500,549];[400,597];[1,723];[1,845]
507;[500,549];[400,597];[1,723];[1,845]
509;[500,549];[400,597];[1,723];[1,845]
510;[500,549];[400,597];[1,723];[1,845]
511;[500,549];[400,597];[1,723];[1,845]
512;[500,549];[400,597];[1,723];[1,845]
513;[500,549];[400,597];[1,723];[1,845]
514;[500,549];[400,597];[1,723];[1,845]
515;[500,549];[400,597];[1,723];[1,845]
516;[500,549];[400,597];[1,723];[1,845]
517;[500,549];[400,597];[1,723];[1,845]
519;[500,549];[400,597];[1,723];[1,845]
520;[500,549];[400,597];[1,723];[1,845]
522;[500,549];[400,597];[1,723];[1,845]
523;[500,549];[400,597];[1,723];[1,845]
524;[500,549];[400,597];[1,723];[1,845]
526;[500,549];[400,597];[1,723];[1,845]
527;[500,549];[400,597];[1,723];[1,845]
529;[500,549];[400,597];[1,723];[1,845]
531;[500,549];[400,597];[1,723];[1,845]
532;[500,549];[400,597];[1,723];[1,845]
533;[500,549];[400,597];[1,723];[1,845]
534;[500,549];[400,597];[1,723];[1,845]
535;[500,549];[400,597];[1,723];[1,845]
537;[500,549];[400,597];[1,723];[1,845]
538;[500,549];[400,597];[1,723];[1,845]
540;[500,549];[400,597];[1,723];[1,845]
541;[500,549];[400,597];[1,723];[1,845]
542;[500,549];[400,597];[1,723];[1,845]
549;[500,549];[400,597];[1,723];[1,845]
552;[552,597];[400,597];[1,723];[1,845]
554;[552,597];[400,597];[1,723];[1,845]
556;[552,597];[400,597];[1,723];[1,845]
558;[552,597];[400,597];[1,723];[1,845]
563;[552,597];[400,597];[1,723];[1,845]
564;[552,597];[400,597];[1,723];[1,845]
565;[552,597];[400,597];[1,723];[1,845]
576;[552,597];[400,597];[1,723];[1,845]
577;[552,597];[400,597];[1,723];[1,845]
578;[552,597];[400,597];[1,723];[1,845]
580;[552,597];[400,597];[1,723];[1,845]
582;[552,597];[400,597];[1,723];[1,845]
584;[552,597];[400,597];[1,723];[1,845]
585;[552,597];[400,597];[1,723];[1,845]
586;[552,597];[400,597];[1,723];[1,845]
588;[552,597];[400,597];[1,723];[1,845]
594;[552,597];[400,597];[1,723];[1,845]
595;[552,597];[400,597];[1,723];[1,845]
597;[552,597];[400,597];[1,723];[1,845]
604;[604,646];[604,723];[1,723];[1,845]
608;[604,646];[604,723];[1,723];[1,845]
609;[604,646];[604,723];[1,723];[1,845]
610;[604,646];[604,723];[1,723];[1,845]
611;[604,646];[604,723];[1,723];[1,845]
615;[604,646];[604,723];[1,723];[1,845]
619;[604,646];[604,723];[1,723];[1,845]
620;[604,646];[604,723];[1,723];[1,845]
628;[604,646];[604,723];[1,723];[1,845]
631;[604,646];[604,723];[1,723];[1,845]
646;[604,646];[604,723];[1,723];[1,845]
654;[654,685];[604,723];[1,723];[1,845]
658;[654,685];[604,723];[1,723];[1,845]
675;[654,685];[604,723];[1,723];[1,845]
685;[654,685];[604,723];[1,723];[1,845]
700;[700,723];[604,723];[1,723];[1,845]
704;[700,723];[604,723];[1,723];[1,845]
723;[700,723];[604,723];[1,723];[1,845]
822;[822,845];[822,845];[822,845];[1,845]
823;[822,845];[822,845];[822,845];[1,845]
845;[822,845];[822,845];[822,845];[1,845]
